"","Kingdom","Phylum","Class","Order","Family","Genus","Species"
"ASV_695","Bacteria","Actinobacteriota","Actinobacteria","Actinomycetales","Actinomycetaceae","Actinomyces","graevenitzii"
"ASV_335","Bacteria","Actinobacteriota","Actinobacteria","Actinomycetales","Actinomycetaceae","Actinomyces","odontolyticus"
"ASV_613","Bacteria","Actinobacteriota","Actinobacteria","Actinomycetales","Actinomycetaceae","Actinomyces",NA
"ASV_659","Bacteria","Actinobacteriota","Actinobacteria","Actinomycetales","Actinomycetaceae","Actinomyces",NA
"ASV_1966","Bacteria","Actinobacteriota","Actinobacteria","Actinomycetales","Actinomycetaceae","Actinomyces",NA
"ASV_19190","Bacteria","Actinobacteriota","Actinobacteria","Actinomycetales","Actinomycetaceae","Actinomyces",NA
"ASV_46701","Bacteria","Actinobacteriota","Actinobacteria","Actinomycetales","Actinomycetaceae","Arcanobacterium","haemolyticum"
"ASV_714","Bacteria","Actinobacteriota","Actinobacteria","Bifidobacteriales","Bifidobacteriaceae","Alloscardovia","omnicolens"
"ASV_560","Bacteria","Actinobacteriota","Actinobacteria","Bifidobacteriales","Bifidobacteriaceae","Bifidobacterium","animalis"
"ASV_465","Bacteria","Actinobacteriota","Actinobacteria","Bifidobacteriales","Bifidobacteriaceae","Bifidobacterium","bifidum"
"ASV_164","Bacteria","Actinobacteriota","Actinobacteria","Bifidobacteriales","Bifidobacteriaceae","Bifidobacterium",NA
"ASV_1172","Bacteria","Actinobacteriota","Actinobacteria","Corynebacteriales","Corynebacteriaceae","Corynebacterium","appendicis"
"ASV_10786","Bacteria","Actinobacteriota","Actinobacteria","Corynebacteriales","Corynebacteriaceae","Corynebacterium","falsenii"
"ASV_287","Bacteria","Actinobacteriota","Actinobacteria","Corynebacteriales","Corynebacteriaceae","Corynebacterium","jeikeium"
"ASV_569","Bacteria","Actinobacteriota","Actinobacteria","Corynebacteriales","Corynebacteriaceae","Corynebacterium","massiliense"
"ASV_757","Bacteria","Actinobacteriota","Actinobacteria","Corynebacteriales","Corynebacteriaceae","Corynebacterium","matruchotii"
"ASV_4","Bacteria","Actinobacteriota","Actinobacteria","Corynebacteriales","Corynebacteriaceae","Corynebacterium",NA
"ASV_7","Bacteria","Actinobacteriota","Actinobacteria","Corynebacteriales","Corynebacteriaceae","Corynebacterium",NA
"ASV_15","Bacteria","Actinobacteriota","Actinobacteria","Corynebacteriales","Corynebacteriaceae","Corynebacterium",NA
"ASV_27","Bacteria","Actinobacteriota","Actinobacteria","Corynebacteriales","Corynebacteriaceae","Corynebacterium",NA
"ASV_34","Bacteria","Actinobacteriota","Actinobacteria","Corynebacteriales","Corynebacteriaceae","Corynebacterium",NA
"ASV_65","Bacteria","Actinobacteriota","Actinobacteria","Corynebacteriales","Corynebacteriaceae","Corynebacterium",NA
"ASV_76","Bacteria","Actinobacteriota","Actinobacteria","Corynebacteriales","Corynebacteriaceae","Corynebacterium",NA
"ASV_114","Bacteria","Actinobacteriota","Actinobacteria","Corynebacteriales","Corynebacteriaceae","Corynebacterium",NA
"ASV_118","Bacteria","Actinobacteriota","Actinobacteria","Corynebacteriales","Corynebacteriaceae","Corynebacterium",NA
"ASV_199","Bacteria","Actinobacteriota","Actinobacteria","Corynebacteriales","Corynebacteriaceae","Corynebacterium",NA
"ASV_232","Bacteria","Actinobacteriota","Actinobacteria","Corynebacteriales","Corynebacteriaceae","Corynebacterium",NA
"ASV_290","Bacteria","Actinobacteriota","Actinobacteria","Corynebacteriales","Corynebacteriaceae","Corynebacterium",NA
"ASV_303","Bacteria","Actinobacteriota","Actinobacteria","Corynebacteriales","Corynebacteriaceae","Corynebacterium",NA
"ASV_355","Bacteria","Actinobacteriota","Actinobacteria","Corynebacteriales","Corynebacteriaceae","Corynebacterium",NA
"ASV_401","Bacteria","Actinobacteriota","Actinobacteria","Corynebacteriales","Corynebacteriaceae","Corynebacterium",NA
"ASV_418","Bacteria","Actinobacteriota","Actinobacteria","Corynebacteriales","Corynebacteriaceae","Corynebacterium",NA
"ASV_510","Bacteria","Actinobacteriota","Actinobacteria","Corynebacteriales","Corynebacteriaceae","Corynebacterium",NA
"ASV_574","Bacteria","Actinobacteriota","Actinobacteria","Corynebacteriales","Corynebacteriaceae","Corynebacterium",NA
"ASV_580","Bacteria","Actinobacteriota","Actinobacteria","Corynebacteriales","Corynebacteriaceae","Corynebacterium",NA
"ASV_799","Bacteria","Actinobacteriota","Actinobacteria","Corynebacteriales","Corynebacteriaceae","Corynebacterium",NA
"ASV_808","Bacteria","Actinobacteriota","Actinobacteria","Corynebacteriales","Corynebacteriaceae","Corynebacterium",NA
"ASV_872","Bacteria","Actinobacteriota","Actinobacteria","Corynebacteriales","Corynebacteriaceae","Corynebacterium",NA
"ASV_1009","Bacteria","Actinobacteriota","Actinobacteria","Corynebacteriales","Corynebacteriaceae","Corynebacterium",NA
"ASV_1016","Bacteria","Actinobacteriota","Actinobacteria","Corynebacteriales","Corynebacteriaceae","Corynebacterium",NA
"ASV_1036","Bacteria","Actinobacteriota","Actinobacteria","Corynebacteriales","Corynebacteriaceae","Corynebacterium",NA
"ASV_5768","Bacteria","Actinobacteriota","Actinobacteria","Corynebacteriales","Corynebacteriaceae","Corynebacterium",NA
"ASV_38010","Bacteria","Actinobacteriota","Actinobacteria","Corynebacteriales","Corynebacteriaceae","Corynebacterium",NA
"ASV_60025","Bacteria","Actinobacteriota","Actinobacteria","Corynebacteriales","Corynebacteriaceae","Corynebacterium",NA
"ASV_1552","Bacteria","Actinobacteriota","Actinobacteria","Corynebacteriales","Corynebacteriaceae","Turicella","otitidis"
"ASV_861","Bacteria","Actinobacteriota","Actinobacteria","Corynebacteriales","Dietziaceae","Dietzia",NA
"ASV_57759","Bacteria","Actinobacteriota","Actinobacteria","Corynebacteriales","Dietziaceae","Dietzia",NA
"ASV_56537","Bacteria","Actinobacteriota","Actinobacteria","Corynebacteriales","Nocardiaceae","Rhodococcus",NA
"ASV_2936","Bacteria","Actinobacteriota","Actinobacteria","Corynebacteriales","ASV_2936","ASV_2936",NA
"ASV_44333","Bacteria","Actinobacteriota","Actinobacteria","Corynebacteriales","ASV_44333","ASV_44333",NA
"ASV_472","Bacteria","Actinobacteriota","Actinobacteria","Frankiales","Geodermatophilaceae","Blastococcus","endophyticus"
"ASV_3793","Bacteria","Actinobacteriota","Actinobacteria","Frankiales","Geodermatophilaceae","Blastococcus",NA
"ASV_7418","Bacteria","Actinobacteriota","Actinobacteria","Frankiales","Geodermatophilaceae","Blastococcus",NA
"ASV_56790","Bacteria","Actinobacteriota","Actinobacteria","Frankiales","Geodermatophilaceae","Blastococcus",NA
"ASV_56998","Bacteria","Actinobacteriota","Actinobacteria","Frankiales","Geodermatophilaceae","Blastococcus",NA
"ASV_1116","Bacteria","Actinobacteriota","Actinobacteria","Frankiales","Geodermatophilaceae","Geodermatophilus",NA
"ASV_31312","Bacteria","Actinobacteriota","Actinobacteria","Frankiales","Geodermatophilaceae","Geodermatophilus",NA
"ASV_1963","Bacteria","Actinobacteriota","Actinobacteria","Micrococcales","Brevibacteriaceae","Brevibacterium","ravenspurgense"
"ASV_6028","Bacteria","Actinobacteriota","Actinobacteria","Micrococcales","Cellulomonadaceae","Actinotalea",NA
"ASV_4270","Bacteria","Actinobacteriota","Actinobacteria","Micrococcales","Cellulomonadaceae","Oerskovia",NA
"ASV_50771","Bacteria","Actinobacteriota","Actinobacteria","Micrococcales","Dermabacteraceae","Brachybacterium","fresconis"
"ASV_989","Bacteria","Actinobacteriota","Actinobacteria","Micrococcales","Dermabacteraceae","Brachybacterium","muris"
"ASV_650","Bacteria","Actinobacteriota","Actinobacteria","Micrococcales","Dermabacteraceae","Brachybacterium",NA
"ASV_713","Bacteria","Actinobacteriota","Actinobacteria","Micrococcales","Dermabacteraceae","Brachybacterium",NA
"ASV_2569","Bacteria","Actinobacteriota","Actinobacteria","Micrococcales","Dermabacteraceae","Brachybacterium",NA
"ASV_570","Bacteria","Actinobacteriota","Actinobacteria","Micrococcales","Dermabacteraceae","Dermabacter","jinjuensis"
"ASV_2085","Bacteria","Actinobacteriota","Actinobacteria","Micrococcales","Dermabacteraceae","Dermabacter",NA
"ASV_944","Bacteria","Actinobacteriota","Actinobacteria","Micrococcales","Dermabacteraceae","ASV_944",NA
"ASV_274","Bacteria","Actinobacteriota","Actinobacteria","Micrococcales","Intrasporangiaceae","Janibacter",NA
"ASV_4719","Bacteria","Actinobacteriota","Actinobacteria","Micrococcales","Intrasporangiaceae","Ornithinimicrobium",NA
"ASV_8046","Bacteria","Actinobacteriota","Actinobacteria","Micrococcales","Intrasporangiaceae","Ornithinimicrobium",NA
"ASV_50880","Bacteria","Actinobacteriota","Actinobacteria","Micrococcales","Intrasporangiaceae","ASV_50880",NA
"ASV_52876","Bacteria","Actinobacteriota","Actinobacteria","Micrococcales","Intrasporangiaceae","ASV_52876",NA
"ASV_23383","Bacteria","Actinobacteriota","Actinobacteria","Micrococcales","Microbacteriaceae","Amnibacterium",NA
"ASV_3166","Bacteria","Actinobacteriota","Actinobacteria","Micrococcales","Microbacteriaceae","Microbacterium","lacticum"
"ASV_726","Bacteria","Actinobacteriota","Actinobacteria","Micrococcales","Microbacteriaceae","Pseudoclavibacter","faecalis"
"ASV_1046","Bacteria","Actinobacteriota","Actinobacteria","Micrococcales","Micrococcaceae","Glutamicibacter",NA
"ASV_240","Bacteria","Actinobacteriota","Actinobacteria","Micrococcales","Micrococcaceae","Kocuria",NA
"ASV_349","Bacteria","Actinobacteriota","Actinobacteria","Micrococcales","Micrococcaceae","Kocuria",NA
"ASV_1048","Bacteria","Actinobacteriota","Actinobacteria","Micrococcales","Micrococcaceae","Kocuria",NA
"ASV_2145","Bacteria","Actinobacteriota","Actinobacteria","Micrococcales","Micrococcaceae","Kocuria",NA
"ASV_13654","Bacteria","Actinobacteriota","Actinobacteria","Micrococcales","Micrococcaceae","Kocuria",NA
"ASV_24021","Bacteria","Actinobacteriota","Actinobacteria","Micrococcales","Micrococcaceae","Kocuria",NA
"ASV_30622","Bacteria","Actinobacteriota","Actinobacteria","Micrococcales","Micrococcaceae","Kocuria",NA
"ASV_39389","Bacteria","Actinobacteriota","Actinobacteria","Micrococcales","Micrococcaceae","Kocuria",NA
"ASV_731","Bacteria","Actinobacteriota","Actinobacteria","Micrococcales","Micrococcaceae","Pseudarthrobacter",NA
"ASV_271","Bacteria","Actinobacteriota","Actinobacteria","Micrococcales","Micrococcaceae","Rothia","mucilaginosa"
"ASV_129","Bacteria","Actinobacteriota","Actinobacteria","Micrococcales","Micrococcaceae","Rothia",NA
"ASV_55286","Bacteria","Actinobacteriota","Actinobacteria","Micrococcales","Micrococcaceae","Rothia",NA
"ASV_551","Bacteria","Actinobacteriota","Actinobacteria","Micrococcales","Micrococcaceae","ASV_551",NA
"ASV_1026","Bacteria","Actinobacteriota","Actinobacteria","Micrococcales","Micrococcaceae","ASV_1026",NA
"ASV_48636","Bacteria","Actinobacteriota","Actinobacteria","Micrococcales","ASV_48636","ASV_48636",NA
"ASV_55532","Bacteria","Actinobacteriota","Actinobacteria","Propionibacteriales","Nocardioidaceae","Aeromicrobium","tamlense"
"ASV_6987","Bacteria","Actinobacteriota","Actinobacteria","Propionibacteriales","Nocardioidaceae","Marmoricola",NA
"ASV_4875","Bacteria","Actinobacteriota","Actinobacteria","Propionibacteriales","Nocardioidaceae","Nocardioides",NA
"ASV_26266","Bacteria","Actinobacteriota","Actinobacteria","Propionibacteriales","Nocardioidaceae","Nocardioides",NA
"ASV_37019","Bacteria","Actinobacteriota","Actinobacteria","Propionibacteriales","Nocardioidaceae","Nocardioides",NA
"ASV_53041","Bacteria","Actinobacteriota","Actinobacteria","Propionibacteriales","Nocardioidaceae","Nocardioides",NA
"ASV_59665","Bacteria","Actinobacteriota","Actinobacteria","Propionibacteriales","Nocardioidaceae","Nocardioides",NA
"ASV_10714","Bacteria","Actinobacteriota","Actinobacteria","Propionibacteriales","Nocardioidaceae","ASV_10714",NA
"ASV_58119","Bacteria","Actinobacteriota","Actinobacteria","Propionibacteriales","Nocardioidaceae","ASV_58119",NA
"ASV_61064","Bacteria","Actinobacteriota","Actinobacteria","Streptomycetales","Streptomycetaceae","Streptomyces",NA
"ASV_34826","Bacteria","Actinobacteriota","Coriobacteriia","Coriobacteriales","Atopobiaceae","Atopobium","rimae"
"ASV_433","Bacteria","Actinobacteriota","Thermoleophilia","Solirubrobacterales","Solirubrobacteraceae","ASV_433",NA
"ASV_7012","Bacteria","Armatimonadota","Fimbriimonadia","Fimbriimonadales","Fimbriimonadaceae","ASV_7012",NA
"ASV_630","Bacteria","Bacteroidota","Bacteroidia","Bacteroidales","Porphyromonadaceae","Porphyromonas","pasteri"
"ASV_37","Bacteria","Bacteroidota","Bacteroidia","Bacteroidales","Porphyromonadaceae","Porphyromonas",NA
"ASV_54","Bacteria","Bacteroidota","Bacteroidia","Bacteroidales","Porphyromonadaceae","Porphyromonas",NA
"ASV_94","Bacteria","Bacteroidota","Bacteroidia","Bacteroidales","Porphyromonadaceae","Porphyromonas",NA
"ASV_337","Bacteria","Bacteroidota","Bacteroidia","Bacteroidales","Porphyromonadaceae","Porphyromonas",NA
"ASV_404","Bacteria","Bacteroidota","Bacteroidia","Bacteroidales","Porphyromonadaceae","Porphyromonas",NA
"ASV_19061","Bacteria","Bacteroidota","Bacteroidia","Bacteroidales","Porphyromonadaceae","Porphyromonas",NA
"ASV_12280","Bacteria","Bacteroidota","Bacteroidia","Bacteroidales","Prevotellaceae","Alloprevotella","rava"
"ASV_60468","Bacteria","Bacteroidota","Bacteroidia","Bacteroidales","Prevotellaceae","Alloprevotella","rava"
"ASV_664","Bacteria","Bacteroidota","Bacteroidia","Bacteroidales","Prevotellaceae","Alloprevotella","tannerae"
"ASV_31","Bacteria","Bacteroidota","Bacteroidia","Bacteroidales","Prevotellaceae","Alloprevotella",NA
"ASV_102","Bacteria","Bacteroidota","Bacteroidia","Bacteroidales","Prevotellaceae","Alloprevotella",NA
"ASV_140","Bacteria","Bacteroidota","Bacteroidia","Bacteroidales","Prevotellaceae","Alloprevotella",NA
"ASV_188","Bacteria","Bacteroidota","Bacteroidia","Bacteroidales","Prevotellaceae","Alloprevotella",NA
"ASV_202","Bacteria","Bacteroidota","Bacteroidia","Bacteroidales","Prevotellaceae","Alloprevotella",NA
"ASV_296","Bacteria","Bacteroidota","Bacteroidia","Bacteroidales","Prevotellaceae","Alloprevotella",NA
"ASV_486","Bacteria","Bacteroidota","Bacteroidia","Bacteroidales","Prevotellaceae","Alloprevotella",NA
"ASV_536","Bacteria","Bacteroidota","Bacteroidia","Bacteroidales","Prevotellaceae","Alloprevotella",NA
"ASV_652","Bacteria","Bacteroidota","Bacteroidia","Bacteroidales","Prevotellaceae","Alloprevotella",NA
"ASV_940","Bacteria","Bacteroidota","Bacteroidia","Bacteroidales","Prevotellaceae","Alloprevotella",NA
"ASV_954","Bacteria","Bacteroidota","Bacteroidia","Bacteroidales","Prevotellaceae","Alloprevotella",NA
"ASV_1052","Bacteria","Bacteroidota","Bacteroidia","Bacteroidales","Prevotellaceae","Alloprevotella",NA
"ASV_3228","Bacteria","Bacteroidota","Bacteroidia","Bacteroidales","Prevotellaceae","Alloprevotella",NA
"ASV_6879","Bacteria","Bacteroidota","Bacteroidia","Bacteroidales","Prevotellaceae","Alloprevotella",NA
"ASV_11368","Bacteria","Bacteroidota","Bacteroidia","Bacteroidales","Prevotellaceae","Alloprevotella",NA
"ASV_38315","Bacteria","Bacteroidota","Bacteroidia","Bacteroidales","Prevotellaceae","Alloprevotella",NA
"ASV_58352","Bacteria","Bacteroidota","Bacteroidia","Bacteroidales","Prevotellaceae","Alloprevotella",NA
"ASV_440","Bacteria","Bacteroidota","Bacteroidia","Bacteroidales","Prevotellaceae","Prevotella","bivia"
"ASV_1100","Bacteria","Bacteroidota","Bacteroidia","Bacteroidales","Prevotellaceae","Prevotella","denticola"
"ASV_200","Bacteria","Bacteroidota","Bacteroidia","Bacteroidales","Prevotellaceae","Prevotella","histicola"
"ASV_12410","Bacteria","Bacteroidota","Bacteroidia","Bacteroidales","Prevotellaceae","Prevotella","maculosa"
"ASV_42","Bacteria","Bacteroidota","Bacteroidia","Bacteroidales","Prevotellaceae","Prevotella","melaninogenica"
"ASV_150","Bacteria","Bacteroidota","Bacteroidia","Bacteroidales","Prevotellaceae","Prevotella","melaninogenica"
"ASV_263","Bacteria","Bacteroidota","Bacteroidia","Bacteroidales","Prevotellaceae","Prevotella","melaninogenica"
"ASV_371","Bacteria","Bacteroidota","Bacteroidia","Bacteroidales","Prevotellaceae","Prevotella","melaninogenica"
"ASV_98","Bacteria","Bacteroidota","Bacteroidia","Bacteroidales","Prevotellaceae","Prevotella","nanceiensis"
"ASV_103","Bacteria","Bacteroidota","Bacteroidia","Bacteroidales","Prevotellaceae","Prevotella","nanceiensis"
"ASV_1053","Bacteria","Bacteroidota","Bacteroidia","Bacteroidales","Prevotellaceae","Prevotella","nigrescens"
"ASV_358","Bacteria","Bacteroidota","Bacteroidia","Bacteroidales","Prevotellaceae","Prevotella","oris"
"ASV_1968","Bacteria","Bacteroidota","Bacteroidia","Bacteroidales","Prevotellaceae","Prevotella","oulorum"
"ASV_1833","Bacteria","Bacteroidota","Bacteroidia","Bacteroidales","Prevotellaceae","Prevotella","pallens"
"ASV_39717","Bacteria","Bacteroidota","Bacteroidia","Bacteroidales","Prevotellaceae","Prevotella","saccharolytica"
"ASV_447","Bacteria","Bacteroidota","Bacteroidia","Bacteroidales","Prevotellaceae","Prevotella","salivae"
"ASV_448","Bacteria","Bacteroidota","Bacteroidia","Bacteroidales","Prevotellaceae","Prevotella","veroralis"
"ASV_97","Bacteria","Bacteroidota","Bacteroidia","Bacteroidales","Prevotellaceae","Prevotella",NA
"ASV_122","Bacteria","Bacteroidota","Bacteroidia","Bacteroidales","Prevotellaceae","Prevotella",NA
"ASV_380","Bacteria","Bacteroidota","Bacteroidia","Bacteroidales","Prevotellaceae","Prevotella",NA
"ASV_576","Bacteria","Bacteroidota","Bacteroidia","Bacteroidales","Prevotellaceae","Prevotella",NA
"ASV_638","Bacteria","Bacteroidota","Bacteroidia","Bacteroidales","Prevotellaceae","Prevotella",NA
"ASV_763","Bacteria","Bacteroidota","Bacteroidia","Bacteroidales","Prevotellaceae","Prevotella",NA
"ASV_772","Bacteria","Bacteroidota","Bacteroidia","Bacteroidales","Prevotellaceae","Prevotella",NA
"ASV_777","Bacteria","Bacteroidota","Bacteroidia","Bacteroidales","Prevotellaceae","Prevotella",NA
"ASV_969","Bacteria","Bacteroidota","Bacteroidia","Bacteroidales","Prevotellaceae","Prevotella",NA
"ASV_1093","Bacteria","Bacteroidota","Bacteroidia","Bacteroidales","Prevotellaceae","Prevotella",NA
"ASV_1847","Bacteria","Bacteroidota","Bacteroidia","Bacteroidales","Prevotellaceae","Prevotella",NA
"ASV_1851","Bacteria","Bacteroidota","Bacteroidia","Bacteroidales","Prevotellaceae","Prevotella",NA
"ASV_3918","Bacteria","Bacteroidota","Bacteroidia","Bacteroidales","Prevotellaceae","Prevotella",NA
"ASV_8773","Bacteria","Bacteroidota","Bacteroidia","Bacteroidales","Prevotellaceae","Prevotella",NA
"ASV_9049","Bacteria","Bacteroidota","Bacteroidia","Bacteroidales","Prevotellaceae","Prevotella",NA
"ASV_20540","Bacteria","Bacteroidota","Bacteroidia","Bacteroidales","Prevotellaceae","Prevotella",NA
"ASV_25121","Bacteria","Bacteroidota","Bacteroidia","Bacteroidales","Prevotellaceae","Prevotella",NA
"ASV_35240","Bacteria","Bacteroidota","Bacteroidia","Bacteroidales","Prevotellaceae","Prevotella",NA
"ASV_40469","Bacteria","Bacteroidota","Bacteroidia","Bacteroidales","Prevotellaceae","Prevotella",NA
"ASV_56160","Bacteria","Bacteroidota","Bacteroidia","Bacteroidales","Prevotellaceae","Prevotella",NA
"ASV_56728","Bacteria","Bacteroidota","Bacteroidia","Bacteroidales","Prevotellaceae","Prevotella",NA
"ASV_387","Bacteria","Bacteroidota","Bacteroidia","Bacteroidales","Prevotellaceae","Prevotellaceae_YAB2003_group",NA
"ASV_63","Bacteria","Bacteroidota","Bacteroidia","Bacteroidales","Prevotellaceae","ASV_63",NA
"ASV_73","Bacteria","Bacteroidota","Bacteroidia","Bacteroidales","Prevotellaceae","ASV_73",NA
"ASV_899","Bacteria","Bacteroidota","Bacteroidia","Bacteroidales","Prevotellaceae","ASV_899",NA
"ASV_1019","Bacteria","Bacteroidota","Bacteroidia","Bacteroidales","Prevotellaceae","ASV_1019",NA
"ASV_48091","Bacteria","Bacteroidota","Bacteroidia","Chitinophagales","Chitinophagaceae","Aurantisolimonas",NA
"ASV_12201","Bacteria","Bacteroidota","Bacteroidia","Chitinophagales","Chitinophagaceae","Flavisolibacter",NA
"ASV_59933","Bacteria","Bacteroidota","Bacteroidia","Cytophagales","Hymenobacteraceae","Hymenobacter",NA
"ASV_60951","Bacteria","Bacteroidota","Bacteroidia","Cytophagales","Hymenobacteraceae","Hymenobacter",NA
"ASV_61077","Bacteria","Bacteroidota","Bacteroidia","Cytophagales","Hymenobacteraceae","Hymenobacter",NA
"ASV_633","Bacteria","Bacteroidota","Bacteroidia","Cytophagales","Spirosomaceae","Rhabdobacter",NA
"ASV_5897","Bacteria","Bacteroidota","Bacteroidia","Flavobacteriales","Flavobacteriaceae","Capnocytophaga",NA
"ASV_6421","Bacteria","Bacteroidota","Bacteroidia","Flavobacteriales","Flavobacteriaceae","Capnocytophaga",NA
"ASV_879","Bacteria","Bacteroidota","Bacteroidia","Flavobacteriales","Weeksellaceae","Bergeyella",NA
"ASV_2091","Bacteria","Bacteroidota","Bacteroidia","Flavobacteriales","Weeksellaceae","Bergeyella",NA
"ASV_5338","Bacteria","Bacteroidota","Bacteroidia","Flavobacteriales","Weeksellaceae","Bergeyella",NA
"ASV_5505","Bacteria","Bacteroidota","Bacteroidia","Flavobacteriales","Weeksellaceae","Chryseobacterium","anthropi"
"ASV_754","Bacteria","Bacteroidota","Bacteroidia","Flavobacteriales","Weeksellaceae","Chryseobacterium","hominis"
"ASV_1830","Bacteria","Bacteroidota","Bacteroidia","Flavobacteriales","Weeksellaceae","Chryseobacterium",NA
"ASV_18891","Bacteria","Bacteroidota","Bacteroidia","Flavobacteriales","Weeksellaceae","Empedobacter","falsenii"
"ASV_153","Bacteria","Bacteroidota","Bacteroidia","Flavobacteriales","Weeksellaceae","Ornithobacterium",NA
"ASV_221","Bacteria","Bacteroidota","Bacteroidia","Flavobacteriales","Weeksellaceae","ASV_221",NA
"ASV_917","Bacteria","Bacteroidota","Rhodothermia","Rhodothermales","Rhodothermaceae","ASV_917",NA
"ASV_818","Bacteria","Bdellovibrionota","Bdellovibrionia","Bacteriovoracales","Bacteriovoracaceae","Peredibacter",NA
"ASV_10447","Bacteria","Bdellovibrionota","Bdellovibrionia","Bdellovibrionales","Bdellovibrionaceae","Bdellovibrio",NA
"ASV_24658","Bacteria","Bdellovibrionota","Bdellovibrionia","Bdellovibrionales","Bdellovibrionaceae","Bdellovibrio",NA
"ASV_43885","Bacteria","Bdellovibrionota","Bdellovibrionia","Bdellovibrionales","Bdellovibrionaceae","Bdellovibrio",NA
"ASV_59896","Bacteria","Bdellovibrionota","Bdellovibrionia","Bdellovibrionales","Bdellovibrionaceae","Bdellovibrio",NA
"ASV_52811","Bacteria","Bdellovibrionota","Oligoflexia","0319-6G20","ASV_52811","ASV_52811",NA
"ASV_151","Bacteria","Campilobacterota","Campylobacteria","Campylobacterales","Campylobacteraceae","Campylobacter","concisus"
"ASV_192","Bacteria","Campilobacterota","Campylobacteria","Campylobacterales","Campylobacteraceae","Campylobacter","concisus"
"ASV_709","Bacteria","Campilobacterota","Campylobacteria","Campylobacterales","Campylobacteraceae","Campylobacter","showae"
"ASV_57278","Bacteria","Campilobacterota","Campylobacteria","Campylobacterales","Campylobacteraceae","Campylobacter","showae"
"ASV_15574","Bacteria","Campilobacterota","Campylobacteria","Campylobacterales","Campylobacteraceae","Campylobacter","ureolyticus"
"ASV_119","Bacteria","Campilobacterota","Campylobacteria","Campylobacterales","Campylobacteraceae","Campylobacter",NA
"ASV_3994","Bacteria","Campilobacterota","Campylobacteria","Campylobacterales","Campylobacteraceae","Campylobacter",NA
"ASV_5705","Bacteria","Campilobacterota","Campylobacteria","Campylobacterales","Campylobacteraceae","Campylobacter",NA
"ASV_21215","Bacteria","Campilobacterota","Campylobacteria","Campylobacterales","Campylobacteraceae","Campylobacter",NA
"ASV_22096","Bacteria","Campilobacterota","Campylobacteria","Campylobacterales","Campylobacteraceae","Campylobacter",NA
"ASV_58322","Bacteria","Chloroflexi","Chloroflexia","Thermomicrobiales","AKYG1722","ASV_58322",NA
"ASV_31609","Bacteria","Chloroflexi","Chloroflexia","Thermomicrobiales","JG30-KF-CM45","ASV_31609",NA
"ASV_242","Bacteria","Cyanobacteria","Cyanobacteriia","Chloroplast","ASV_242","ASV_242",NA
"ASV_243","Bacteria","Cyanobacteria","Cyanobacteriia","Chloroplast","ASV_243","ASV_243",NA
"ASV_29842","Bacteria","Cyanobacteria","Cyanobacteriia","Chloroplast","ASV_29842","ASV_29842",NA
"ASV_550","Bacteria","Deinococcota","Deinococci","Deinococcales","Deinococcaceae","Deinococcus","ficus"
"ASV_952","Bacteria","Deinococcota","Deinococci","Deinococcales","Deinococcaceae","Deinococcus",NA
"ASV_1310","Bacteria","Deinococcota","Deinococci","Deinococcales","Deinococcaceae","Deinococcus",NA
"ASV_8212","Bacteria","Firmicutes","Bacilli","Bacillales","Bacillaceae","Anaerobacillus","isosaccharinicus"
"ASV_281","Bacteria","Firmicutes","Bacilli","Bacillales","Bacillaceae","Anoxybacillus",NA
"ASV_530","Bacteria","Firmicutes","Bacilli","Bacillales","Bacillaceae","Bacillus",NA
"ASV_871","Bacteria","Firmicutes","Bacilli","Bacillales","Bacillaceae","Bacillus",NA
"ASV_2768","Bacteria","Firmicutes","Bacilli","Bacillales","Bacillaceae","Bacillus",NA
"ASV_4064","Bacteria","Firmicutes","Bacilli","Bacillales","Bacillaceae","Bacillus",NA
"ASV_26689","Bacteria","Firmicutes","Bacilli","Bacillales","Bacillaceae","Bacillus",NA
"ASV_496","Bacteria","Firmicutes","Bacilli","Bacillales","Bacillaceae","Geobacillus",NA
"ASV_8009","Bacteria","Firmicutes","Bacilli","Bacillales","Bacillaceae","ASV_8009",NA
"ASV_11180","Bacteria","Firmicutes","Bacilli","Bacillales","Bacillaceae","ASV_11180",NA
"ASV_38702","Bacteria","Firmicutes","Bacilli","Bacillales","Bacillaceae","ASV_38702",NA
"ASV_59695","Bacteria","Firmicutes","Bacilli","Bacillales","Bacillaceae","ASV_59695",NA
"ASV_405","Bacteria","Firmicutes","Bacilli","Bacillales","Planococcaceae","Chryseomicrobium",NA
"ASV_35902","Bacteria","Firmicutes","Bacilli","Bacillales","Planococcaceae","Domibacillus",NA
"ASV_997","Bacteria","Firmicutes","Bacilli","Bacillales","Planococcaceae","Kurthia",NA
"ASV_543","Bacteria","Firmicutes","Bacilli","Bacillales","Planococcaceae","Planococcus",NA
"ASV_1160","Bacteria","Firmicutes","Bacilli","Bacillales","Planococcaceae","Planococcus",NA
"ASV_4168","Bacteria","Firmicutes","Bacilli","Bacillales","Planococcaceae","Planomicrobium",NA
"ASV_49784","Bacteria","Firmicutes","Bacilli","Bacillales","Salisediminibacteriaceae","Salipaludibacillus",NA
"ASV_49805","Bacteria","Firmicutes","Bacilli","Bacillales","Salisediminibacteriaceae","ASV_49805",NA
"ASV_431","Bacteria","Firmicutes","Bacilli","Erysipelotrichales","Erysipelotrichaceae","Solobacterium","moorei"
"ASV_693","Bacteria","Firmicutes","Bacilli","Exiguobacterales","Exiguobacteraceae","Exiguobacterium",NA
"ASV_6","Bacteria","Firmicutes","Bacilli","Lactobacillales","Carnobacteriaceae","Dolosigranulum","pigrum"
"ASV_185","Bacteria","Firmicutes","Bacilli","Lactobacillales","Carnobacteriaceae","Dolosigranulum",NA
"ASV_314","Bacteria","Firmicutes","Bacilli","Lactobacillales","Carnobacteriaceae","Dolosigranulum",NA
"ASV_356","Bacteria","Firmicutes","Bacilli","Lactobacillales","Carnobacteriaceae","Dolosigranulum",NA
"ASV_400","Bacteria","Firmicutes","Bacilli","Lactobacillales","Carnobacteriaceae","Dolosigranulum",NA
"ASV_498","Bacteria","Firmicutes","Bacilli","Lactobacillales","Carnobacteriaceae","Dolosigranulum",NA
"ASV_544","Bacteria","Firmicutes","Bacilli","Lactobacillales","Carnobacteriaceae","Dolosigranulum",NA
"ASV_549","Bacteria","Firmicutes","Bacilli","Lactobacillales","Carnobacteriaceae","Dolosigranulum",NA
"ASV_700","Bacteria","Firmicutes","Bacilli","Lactobacillales","Carnobacteriaceae","Dolosigranulum",NA
"ASV_1844","Bacteria","Firmicutes","Bacilli","Lactobacillales","Carnobacteriaceae","Dolosigranulum",NA
"ASV_22133","Bacteria","Firmicutes","Bacilli","Lactobacillales","Carnobacteriaceae","Dolosigranulum",NA
"ASV_54997","Bacteria","Firmicutes","Bacilli","Lactobacillales","Carnobacteriaceae","Dolosigranulum",NA
"ASV_56129","Bacteria","Firmicutes","Bacilli","Lactobacillales","Carnobacteriaceae","Dolosigranulum",NA
"ASV_59196","Bacteria","Firmicutes","Bacilli","Lactobacillales","Carnobacteriaceae","Dolosigranulum",NA
"ASV_223","Bacteria","Firmicutes","Bacilli","Lactobacillales","Carnobacteriaceae","Granulicatella","elegans"
"ASV_423","Bacteria","Firmicutes","Bacilli","Lactobacillales","Carnobacteriaceae","Granulicatella",NA
"ASV_457","Bacteria","Firmicutes","Bacilli","Lactobacillales","Carnobacteriaceae","Granulicatella",NA
"ASV_556","Bacteria","Firmicutes","Bacilli","Lactobacillales","Carnobacteriaceae","Granulicatella",NA
"ASV_27943","Bacteria","Firmicutes","Bacilli","Lactobacillales","Carnobacteriaceae","Granulicatella",NA
"ASV_473","Bacteria","Firmicutes","Bacilli","Lactobacillales","Lactobacillaceae","Lactobacillus","delbrueckii"
"ASV_115","Bacteria","Firmicutes","Bacilli","Lactobacillales","Lactobacillaceae","Lactobacillus","iners"
"ASV_1208","Bacteria","Firmicutes","Bacilli","Lactobacillales","Lactobacillaceae","Lactobacillus","vaginalis"
"ASV_189","Bacteria","Firmicutes","Bacilli","Lactobacillales","Lactobacillaceae","Lactobacillus",NA
"ASV_710","Bacteria","Firmicutes","Bacilli","Lactobacillales","Lactobacillaceae","Lactobacillus",NA
"ASV_1167","Bacteria","Firmicutes","Bacilli","Lactobacillales","Lactobacillaceae","Lactobacillus",NA
"ASV_1909","Bacteria","Firmicutes","Bacilli","Lactobacillales","Lactobacillaceae","Lactobacillus",NA
"ASV_2950","Bacteria","Firmicutes","Bacilli","Lactobacillales","Lactobacillaceae","Lactobacillus",NA
"ASV_542","Bacteria","Firmicutes","Bacilli","Lactobacillales","Leuconostocaceae","Leuconostoc",NA
"ASV_324","Bacteria","Firmicutes","Bacilli","Lactobacillales","Leuconostocaceae","Weissella",NA
"ASV_156","Bacteria","Firmicutes","Bacilli","Lactobacillales","Streptococcaceae","Lactococcus",NA
"ASV_736","Bacteria","Firmicutes","Bacilli","Lactobacillales","Streptococcaceae","Streptococcus","oralis"
"ASV_72","Bacteria","Firmicutes","Bacilli","Lactobacillales","Streptococcaceae","Streptococcus","pneumoniae"
"ASV_752","Bacteria","Firmicutes","Bacilli","Lactobacillales","Streptococcaceae","Streptococcus","pneumoniae"
"ASV_14964","Bacteria","Firmicutes","Bacilli","Lactobacillales","Streptococcaceae","Streptococcus","pneumoniae"
"ASV_8","Bacteria","Firmicutes","Bacilli","Lactobacillales","Streptococcaceae","Streptococcus",NA
"ASV_10","Bacteria","Firmicutes","Bacilli","Lactobacillales","Streptococcaceae","Streptococcus",NA
"ASV_25","Bacteria","Firmicutes","Bacilli","Lactobacillales","Streptococcaceae","Streptococcus",NA
"ASV_69","Bacteria","Firmicutes","Bacilli","Lactobacillales","Streptococcaceae","Streptococcus",NA
"ASV_86","Bacteria","Firmicutes","Bacilli","Lactobacillales","Streptococcaceae","Streptococcus",NA
"ASV_93","Bacteria","Firmicutes","Bacilli","Lactobacillales","Streptococcaceae","Streptococcus",NA
"ASV_110","Bacteria","Firmicutes","Bacilli","Lactobacillales","Streptococcaceae","Streptococcus",NA
"ASV_113","Bacteria","Firmicutes","Bacilli","Lactobacillales","Streptococcaceae","Streptococcus",NA
"ASV_162","Bacteria","Firmicutes","Bacilli","Lactobacillales","Streptococcaceae","Streptococcus",NA
"ASV_166","Bacteria","Firmicutes","Bacilli","Lactobacillales","Streptococcaceae","Streptococcus",NA
"ASV_211","Bacteria","Firmicutes","Bacilli","Lactobacillales","Streptococcaceae","Streptococcus",NA
"ASV_245","Bacteria","Firmicutes","Bacilli","Lactobacillales","Streptococcaceae","Streptococcus",NA
"ASV_248","Bacteria","Firmicutes","Bacilli","Lactobacillales","Streptococcaceae","Streptococcus",NA
"ASV_298","Bacteria","Firmicutes","Bacilli","Lactobacillales","Streptococcaceae","Streptococcus",NA
"ASV_304","Bacteria","Firmicutes","Bacilli","Lactobacillales","Streptococcaceae","Streptococcus",NA
"ASV_317","Bacteria","Firmicutes","Bacilli","Lactobacillales","Streptococcaceae","Streptococcus",NA
"ASV_340","Bacteria","Firmicutes","Bacilli","Lactobacillales","Streptococcaceae","Streptococcus",NA
"ASV_350","Bacteria","Firmicutes","Bacilli","Lactobacillales","Streptococcaceae","Streptococcus",NA
"ASV_361","Bacteria","Firmicutes","Bacilli","Lactobacillales","Streptococcaceae","Streptococcus",NA
"ASV_372","Bacteria","Firmicutes","Bacilli","Lactobacillales","Streptococcaceae","Streptococcus",NA
"ASV_416","Bacteria","Firmicutes","Bacilli","Lactobacillales","Streptococcaceae","Streptococcus",NA
"ASV_566","Bacteria","Firmicutes","Bacilli","Lactobacillales","Streptococcaceae","Streptococcus",NA
"ASV_636","Bacteria","Firmicutes","Bacilli","Lactobacillales","Streptococcaceae","Streptococcus",NA
"ASV_643","Bacteria","Firmicutes","Bacilli","Lactobacillales","Streptococcaceae","Streptococcus",NA
"ASV_661","Bacteria","Firmicutes","Bacilli","Lactobacillales","Streptococcaceae","Streptococcus",NA
"ASV_672","Bacteria","Firmicutes","Bacilli","Lactobacillales","Streptococcaceae","Streptococcus",NA
"ASV_688","Bacteria","Firmicutes","Bacilli","Lactobacillales","Streptococcaceae","Streptococcus",NA
"ASV_706","Bacteria","Firmicutes","Bacilli","Lactobacillales","Streptococcaceae","Streptococcus",NA
"ASV_817","Bacteria","Firmicutes","Bacilli","Lactobacillales","Streptococcaceae","Streptococcus",NA
"ASV_868","Bacteria","Firmicutes","Bacilli","Lactobacillales","Streptococcaceae","Streptococcus",NA
"ASV_873","Bacteria","Firmicutes","Bacilli","Lactobacillales","Streptococcaceae","Streptococcus",NA
"ASV_1097","Bacteria","Firmicutes","Bacilli","Lactobacillales","Streptococcaceae","Streptococcus",NA
"ASV_1190","Bacteria","Firmicutes","Bacilli","Lactobacillales","Streptococcaceae","Streptococcus",NA
"ASV_1814","Bacteria","Firmicutes","Bacilli","Lactobacillales","Streptococcaceae","Streptococcus",NA
"ASV_4403","Bacteria","Firmicutes","Bacilli","Lactobacillales","Streptococcaceae","Streptococcus",NA
"ASV_4647","Bacteria","Firmicutes","Bacilli","Lactobacillales","Streptococcaceae","Streptococcus",NA
"ASV_4992","Bacteria","Firmicutes","Bacilli","Lactobacillales","Streptococcaceae","Streptococcus",NA
"ASV_27644","Bacteria","Firmicutes","Bacilli","Lactobacillales","Streptococcaceae","Streptococcus",NA
"ASV_39593","Bacteria","Firmicutes","Bacilli","Lactobacillales","Streptococcaceae","Streptococcus",NA
"ASV_48960","Bacteria","Firmicutes","Bacilli","Lactobacillales","Streptococcaceae","ASV_48960",NA
"ASV_5474","Bacteria","Firmicutes","Bacilli","Lactobacillales","ASV_5474","ASV_5474",NA
"ASV_81","Bacteria","Firmicutes","Bacilli","Mycoplasmatales","Mycoplasmataceae","Mycoplasma","amphoriforme"
"ASV_694","Bacteria","Firmicutes","Bacilli","Mycoplasmatales","Mycoplasmataceae","Mycoplasma","genitalium"
"ASV_172","Bacteria","Firmicutes","Bacilli","Mycoplasmatales","Mycoplasmataceae","Mycoplasma","hominis"
"ASV_212","Bacteria","Firmicutes","Bacilli","Mycoplasmatales","Mycoplasmataceae","Mycoplasma",NA
"ASV_1228","Bacteria","Firmicutes","Bacilli","Mycoplasmatales","Mycoplasmataceae","Mycoplasma",NA
"ASV_104","Bacteria","Firmicutes","Bacilli","Mycoplasmatales","Mycoplasmataceae","Ureaplasma",NA
"ASV_60570","Bacteria","Firmicutes","Bacilli","Mycoplasmatales","Mycoplasmataceae","Ureaplasma",NA
"ASV_408","Bacteria","Firmicutes","Bacilli","Staphylococcales","Gemellaceae","Gemella","asaccharolytica"
"ASV_40","Bacteria","Firmicutes","Bacilli","Staphylococcales","Gemellaceae","Gemella",NA
"ASV_1899","Bacteria","Firmicutes","Bacilli","Staphylococcales","Gemellaceae","Gemella",NA
"ASV_2238","Bacteria","Firmicutes","Bacilli","Staphylococcales","Gemellaceae","Gemella",NA
"ASV_55413","Bacteria","Firmicutes","Bacilli","Staphylococcales","Gemellaceae","Gemella",NA
"ASV_971","Bacteria","Firmicutes","Bacilli","Staphylococcales","Staphylococcaceae","Salinicoccus",NA
"ASV_382","Bacteria","Firmicutes","Bacilli","Staphylococcales","Staphylococcaceae","Staphylococcus","haemolyticus"
"ASV_5","Bacteria","Firmicutes","Bacilli","Staphylococcales","Staphylococcaceae","Staphylococcus",NA
"ASV_148","Bacteria","Firmicutes","Bacilli","Staphylococcales","Staphylococcaceae","Staphylococcus",NA
"ASV_149","Bacteria","Firmicutes","Bacilli","Staphylococcales","Staphylococcaceae","Staphylococcus",NA
"ASV_217","Bacteria","Firmicutes","Bacilli","Staphylococcales","Staphylococcaceae","Staphylococcus",NA
"ASV_278","Bacteria","Firmicutes","Bacilli","Staphylococcales","Staphylococcaceae","Staphylococcus",NA
"ASV_332","Bacteria","Firmicutes","Bacilli","Staphylococcales","Staphylococcaceae","Staphylococcus",NA
"ASV_336","Bacteria","Firmicutes","Bacilli","Staphylococcales","Staphylococcaceae","Staphylococcus",NA
"ASV_374","Bacteria","Firmicutes","Bacilli","Staphylococcales","Staphylococcaceae","Staphylococcus",NA
"ASV_394","Bacteria","Firmicutes","Bacilli","Staphylococcales","Staphylococcaceae","Staphylococcus",NA
"ASV_55876","Bacteria","Firmicutes","Bacilli","Staphylococcales","Staphylococcaceae","Staphylococcus",NA
"ASV_59802","Bacteria","Firmicutes","Bacilli","Staphylococcales","Staphylococcaceae","Staphylococcus",NA
"ASV_29428","Bacteria","Firmicutes","Bacilli","ASV_29428","ASV_29428","ASV_29428",NA
"ASV_60163","Bacteria","Firmicutes","Bacilli","ASV_60163","ASV_60163","ASV_60163",NA
"ASV_61033","Bacteria","Firmicutes","Bacilli","ASV_61033","ASV_61033","ASV_61033",NA
"ASV_7005","Bacteria","Firmicutes","Clostridia","Clostridia_UCG-014","ASV_7005","ASV_7005",NA
"ASV_8849","Bacteria","Firmicutes","Clostridia","Clostridia_UCG-014","ASV_8849","ASV_8849",NA
"ASV_753","Bacteria","Firmicutes","Clostridia","Lachnospirales","Lachnospiraceae","Catonella","morbi"
"ASV_869","Bacteria","Firmicutes","Clostridia","Lachnospirales","Lachnospiraceae","Catonella",NA
"ASV_955","Bacteria","Firmicutes","Clostridia","Lachnospirales","Lachnospiraceae","Catonella",NA
"ASV_2537","Bacteria","Firmicutes","Clostridia","Lachnospirales","Lachnospiraceae","Catonella",NA
"ASV_36","Bacteria","Firmicutes","Clostridia","Lachnospirales","Lachnospiraceae","Johnsonella",NA
"ASV_152","Bacteria","Firmicutes","Clostridia","Lachnospirales","Lachnospiraceae","Johnsonella",NA
"ASV_225","Bacteria","Firmicutes","Clostridia","Lachnospirales","Lachnospiraceae","Johnsonella",NA
"ASV_847","Bacteria","Firmicutes","Clostridia","Lachnospirales","Lachnospiraceae","Johnsonella",NA
"ASV_881","Bacteria","Firmicutes","Clostridia","Lachnospirales","Lachnospiraceae","Johnsonella",NA
"ASV_1497","Bacteria","Firmicutes","Clostridia","Lachnospirales","Lachnospiraceae","Johnsonella",NA
"ASV_1999","Bacteria","Firmicutes","Clostridia","Lachnospirales","Lachnospiraceae","Johnsonella",NA
"ASV_272","Bacteria","Firmicutes","Clostridia","Lachnospirales","Lachnospiraceae","Lachnoanaerobaculum","cf."
"ASV_460","Bacteria","Firmicutes","Clostridia","Lachnospirales","Lachnospiraceae","Lachnoanaerobaculum",NA
"ASV_12263","Bacteria","Firmicutes","Clostridia","Lachnospirales","Lachnospiraceae","Lachnoanaerobaculum",NA
"ASV_60598","Bacteria","Firmicutes","Clostridia","Lachnospirales","Lachnospiraceae","Lachnoanaerobaculum",NA
"ASV_3019","Bacteria","Firmicutes","Clostridia","Lachnospirales","Lachnospiraceae","Oribacterium","sinus"
"ASV_32031","Bacteria","Firmicutes","Clostridia","Lachnospirales","Lachnospiraceae","Shuttleworthia","satelles"
"ASV_32004","Bacteria","Firmicutes","Clostridia","Lachnospirales","Lachnospiraceae","Stomatobaculum",NA
"ASV_1014","Bacteria","Firmicutes","Clostridia","Lachnospirales","Lachnospiraceae","ASV_1014",NA
"ASV_9659","Bacteria","Firmicutes","Clostridia","Lachnospirales","Lachnospiraceae","ASV_9659",NA
"ASV_561","Bacteria","Firmicutes","Clostridia","Peptococcales","Peptococcaceae","Peptococcus",NA
"ASV_609","Bacteria","Firmicutes","Clostridia","Peptococcales","Peptococcaceae","Peptococcus",NA
"ASV_833","Bacteria","Firmicutes","Clostridia","Peptostreptococcales-Tissierellales","Peptostreptococcaceae","Filifactor","alocis"
"ASV_5017","Bacteria","Firmicutes","Clostridia","Peptostreptococcales-Tissierellales","Peptostreptococcaceae","Peptostreptococcus","anaerobius"
"ASV_428","Bacteria","Firmicutes","Clostridia","Peptostreptococcales-Tissierellales","Peptostreptococcaceae","Peptostreptococcus","stomatis"
"ASV_793","Bacteria","Firmicutes","Clostridia","Peptostreptococcales-Tissierellales","Peptostreptococcales-Tissierellales_fa","Anaerococcus",NA
"ASV_1269","Bacteria","Firmicutes","Clostridia","Peptostreptococcales-Tissierellales","Peptostreptococcales-Tissierellales_fa","Anaerococcus",NA
"ASV_9993","Bacteria","Firmicutes","Clostridia","Peptostreptococcales-Tissierellales","Peptostreptococcales-Tissierellales_fa","Anaerococcus",NA
"ASV_48699","Bacteria","Firmicutes","Clostridia","Peptostreptococcales-Tissierellales","Peptostreptococcales-Tissierellales_fa","Anaerococcus",NA
"ASV_807","Bacteria","Firmicutes","Clostridia","Peptostreptococcales-Tissierellales","Peptostreptococcales-Tissierellales_fa","Finegoldia",NA
"ASV_194","Bacteria","Firmicutes","Clostridia","Peptostreptococcales-Tissierellales","Peptostreptococcales-Tissierellales_fa","Helcococcus",NA
"ASV_589","Bacteria","Firmicutes","Clostridia","Peptostreptococcales-Tissierellales","Peptostreptococcales-Tissierellales_fa","Parvimonas",NA
"ASV_998","Bacteria","Firmicutes","Clostridia","Peptostreptococcales-Tissierellales","Peptostreptococcales-Tissierellales_fa","Parvimonas",NA
"ASV_2193","Bacteria","Firmicutes","Clostridia","Peptostreptococcales-Tissierellales","Peptostreptococcales-Tissierellales_fa","Parvimonas",NA
"ASV_976","Bacteria","Firmicutes","Clostridia","Peptostreptococcales-Tissierellales","Peptostreptococcales-Tissierellales_fa","Peptoniphilus",NA
"ASV_60992","Bacteria","Firmicutes","Clostridia","ASV_60992","ASV_60992","ASV_60992",NA
"ASV_1292","Bacteria","Firmicutes","Negativicutes","Veillonellales-Selenomonadales","Selenomonadaceae","Centipeda",NA
"ASV_99","Bacteria","Firmicutes","Negativicutes","Veillonellales-Selenomonadales","Veillonellaceae","Veillonella","massiliensis"
"ASV_175","Bacteria","Firmicutes","Negativicutes","Veillonellales-Selenomonadales","Veillonellaceae","Veillonella",NA
"ASV_816","Bacteria","Firmicutes","Negativicutes","Veillonellales-Selenomonadales","Veillonellaceae","Veillonella",NA
"ASV_885","Bacteria","Firmicutes","Negativicutes","Veillonellales-Selenomonadales","Veillonellaceae","Veillonella",NA
"ASV_29444","Bacteria","Firmicutes","Negativicutes","Veillonellales-Selenomonadales","Veillonellaceae","Veillonella",NA
"ASV_53514","Bacteria","Firmicutes","Negativicutes","Veillonellales-Selenomonadales","Veillonellaceae","Veillonella",NA
"ASV_58703","Bacteria","Firmicutes","Negativicutes","Veillonellales-Selenomonadales","Veillonellaceae","Veillonella",NA
"ASV_1635","Bacteria","Firmicutes","Negativicutes","Veillonellales-Selenomonadales","Veillonellaceae","ASV_1635",NA
"ASV_79","Bacteria","Fusobacteriota","Fusobacteriia","Fusobacteriales","Fusobacteriaceae","Fusobacterium","massiliense"
"ASV_64","Bacteria","Fusobacteriota","Fusobacteriia","Fusobacteriales","Fusobacteriaceae","Fusobacterium","necrophorum"
"ASV_29","Bacteria","Fusobacteriota","Fusobacteriia","Fusobacteriales","Fusobacteriaceae","Fusobacterium","nucleatum"
"ASV_131","Bacteria","Fusobacteriota","Fusobacteriia","Fusobacteriales","Fusobacteriaceae","Fusobacterium","nucleatum"
"ASV_410","Bacteria","Fusobacteriota","Fusobacteriia","Fusobacteriales","Fusobacteriaceae","Fusobacterium","nucleatum"
"ASV_796","Bacteria","Fusobacteriota","Fusobacteriia","Fusobacteriales","Fusobacteriaceae","Fusobacterium","nucleatum"
"ASV_101","Bacteria","Fusobacteriota","Fusobacteriia","Fusobacteriales","Fusobacteriaceae","Fusobacterium","periodonticum"
"ASV_690","Bacteria","Fusobacteriota","Fusobacteriia","Fusobacteriales","Fusobacteriaceae","Fusobacterium","periodonticum"
"ASV_46","Bacteria","Fusobacteriota","Fusobacteriia","Fusobacteriales","Fusobacteriaceae","Fusobacterium",NA
"ASV_59","Bacteria","Fusobacteriota","Fusobacteriia","Fusobacteriales","Fusobacteriaceae","Fusobacterium",NA
"ASV_108","Bacteria","Fusobacteriota","Fusobacteriia","Fusobacteriales","Fusobacteriaceae","Fusobacterium",NA
"ASV_109","Bacteria","Fusobacteriota","Fusobacteriia","Fusobacteriales","Fusobacteriaceae","Fusobacterium",NA
"ASV_285","Bacteria","Fusobacteriota","Fusobacteriia","Fusobacteriales","Fusobacteriaceae","Fusobacterium",NA
"ASV_476","Bacteria","Fusobacteriota","Fusobacteriia","Fusobacteriales","Fusobacteriaceae","Fusobacterium",NA
"ASV_519","Bacteria","Fusobacteriota","Fusobacteriia","Fusobacteriales","Fusobacteriaceae","Fusobacterium",NA
"ASV_526","Bacteria","Fusobacteriota","Fusobacteriia","Fusobacteriales","Fusobacteriaceae","Fusobacterium",NA
"ASV_554","Bacteria","Fusobacteriota","Fusobacteriia","Fusobacteriales","Fusobacteriaceae","Fusobacterium",NA
"ASV_606","Bacteria","Fusobacteriota","Fusobacteriia","Fusobacteriales","Fusobacteriaceae","Fusobacterium",NA
"ASV_697","Bacteria","Fusobacteriota","Fusobacteriia","Fusobacteriales","Fusobacteriaceae","Fusobacterium",NA
"ASV_717","Bacteria","Fusobacteriota","Fusobacteriia","Fusobacteriales","Fusobacteriaceae","Fusobacterium",NA
"ASV_744","Bacteria","Fusobacteriota","Fusobacteriia","Fusobacteriales","Fusobacteriaceae","Fusobacterium",NA
"ASV_751","Bacteria","Fusobacteriota","Fusobacteriia","Fusobacteriales","Fusobacteriaceae","Fusobacterium",NA
"ASV_798","Bacteria","Fusobacteriota","Fusobacteriia","Fusobacteriales","Fusobacteriaceae","Fusobacterium",NA
"ASV_863","Bacteria","Fusobacteriota","Fusobacteriia","Fusobacteriales","Fusobacteriaceae","Fusobacterium",NA
"ASV_878","Bacteria","Fusobacteriota","Fusobacteriia","Fusobacteriales","Fusobacteriaceae","Fusobacterium",NA
"ASV_913","Bacteria","Fusobacteriota","Fusobacteriia","Fusobacteriales","Fusobacteriaceae","Fusobacterium",NA
"ASV_1062","Bacteria","Fusobacteriota","Fusobacteriia","Fusobacteriales","Fusobacteriaceae","Fusobacterium",NA
"ASV_1398","Bacteria","Fusobacteriota","Fusobacteriia","Fusobacteriales","Fusobacteriaceae","Fusobacterium",NA
"ASV_1513","Bacteria","Fusobacteriota","Fusobacteriia","Fusobacteriales","Fusobacteriaceae","Fusobacterium",NA
"ASV_1629","Bacteria","Fusobacteriota","Fusobacteriia","Fusobacteriales","Fusobacteriaceae","Fusobacterium",NA
"ASV_2154","Bacteria","Fusobacteriota","Fusobacteriia","Fusobacteriales","Fusobacteriaceae","Fusobacterium",NA
"ASV_53223","Bacteria","Fusobacteriota","Fusobacteriia","Fusobacteriales","Fusobacteriaceae","ASV_53223",NA
"ASV_822","Bacteria","Fusobacteriota","Fusobacteriia","Fusobacteriales","Leptotrichiaceae","Leptotrichia","goodfellowii"
"ASV_135","Bacteria","Fusobacteriota","Fusobacteriia","Fusobacteriales","Leptotrichiaceae","Leptotrichia",NA
"ASV_577","Bacteria","Fusobacteriota","Fusobacteriia","Fusobacteriales","Leptotrichiaceae","Leptotrichia",NA
"ASV_581","Bacteria","Fusobacteriota","Fusobacteriia","Fusobacteriales","Leptotrichiaceae","Leptotrichia",NA
"ASV_681","Bacteria","Fusobacteriota","Fusobacteriia","Fusobacteriales","Leptotrichiaceae","Leptotrichia",NA
"ASV_809","Bacteria","Fusobacteriota","Fusobacteriia","Fusobacteriales","Leptotrichiaceae","Leptotrichia",NA
"ASV_936","Bacteria","Fusobacteriota","Fusobacteriia","Fusobacteriales","Leptotrichiaceae","Leptotrichia",NA
"ASV_8541","Bacteria","Fusobacteriota","Fusobacteriia","Fusobacteriales","Leptotrichiaceae","Leptotrichia",NA
"ASV_59768","Bacteria","Fusobacteriota","Fusobacteriia","Fusobacteriales","Leptotrichiaceae","Leptotrichia",NA
"ASV_259","Bacteria","Fusobacteriota","Fusobacteriia","Fusobacteriales","Leptotrichiaceae","Oceanivirga",NA
"ASV_280","Bacteria","Fusobacteriota","Fusobacteriia","Fusobacteriales","Leptotrichiaceae","Oceanivirga",NA
"ASV_60","Bacteria","Fusobacteriota","Fusobacteriia","Fusobacteriales","Leptotrichiaceae","Sneathia","sanguinegens"
"ASV_51","Bacteria","Fusobacteriota","Fusobacteriia","Fusobacteriales","Leptotrichiaceae","Streptobacillus","hongkongensis"
"ASV_49","Bacteria","Fusobacteriota","Fusobacteriia","Fusobacteriales","Leptotrichiaceae","Streptobacillus",NA
"ASV_55","Bacteria","Fusobacteriota","Fusobacteriia","Fusobacteriales","Leptotrichiaceae","Streptobacillus",NA
"ASV_523","Bacteria","Fusobacteriota","Fusobacteriia","Fusobacteriales","Leptotrichiaceae","Streptobacillus",NA
"ASV_59255","Bacteria","Fusobacteriota","Fusobacteriia","Fusobacteriales","Leptotrichiaceae","Streptobacillus",NA
"ASV_57112","Bacteria","Fusobacteriota","Fusobacteriia","Fusobacteriales","Leptotrichiaceae","ASV_57112",NA
"ASV_891","Bacteria","Gemmatimonadota","Gemmatimonadetes","Gemmatimonadales","Gemmatimonadaceae","Roseisolibacter",NA
"ASV_1252","Bacteria","Gemmatimonadota","Gemmatimonadetes","Gemmatimonadales","Gemmatimonadaceae","Roseisolibacter",NA
"ASV_1553","Bacteria","Gemmatimonadota","Longimicrobia","Longimicrobiales","Longimicrobiaceae","Longimicrobium",NA
"ASV_47680","Bacteria","Myxococcota","Myxococcia","Myxococcales","Myxococcaceae","Archangium",NA
"ASV_470","Bacteria","Patescibacteria","Gracilibacteria","Absconditabacteriales_(SR1)","ASV_470","ASV_470",NA
"ASV_588","Bacteria","Patescibacteria","Gracilibacteria","Absconditabacteriales_(SR1)","ASV_588","ASV_588",NA
"ASV_196","Bacteria","Patescibacteria","Gracilibacteria","JGI_0000069-P22","ASV_196","ASV_196",NA
"ASV_11373","Bacteria","Patescibacteria","Gracilibacteria","JGI_0000069-P22","ASV_11373","ASV_11373",NA
"ASV_427","Bacteria","Patescibacteria","Gracilibacteria","ASV_427","ASV_427","ASV_427",NA
"ASV_413","Bacteria","Patescibacteria","Saccharimonadia","Saccharimonadales","LWQ8","ASV_413",NA
"ASV_11642","Bacteria","Patescibacteria","Saccharimonadia","Saccharimonadales","Saccharimonadaceae","Candidatus_Saccharimonas",NA
"ASV_1043","Bacteria","Patescibacteria","Saccharimonadia","Saccharimonadales","ASV_1043","ASV_1043",NA
"ASV_37308","Bacteria","Patescibacteria","Saccharimonadia","Saccharimonadales","ASV_37308","ASV_37308",NA
"ASV_449","Bacteria","Proteobacteria","Alphaproteobacteria","Acetobacterales","Acetobacteraceae","Muricoccus",NA
"ASV_455","Bacteria","Proteobacteria","Alphaproteobacteria","Acetobacterales","Acetobacteraceae","Roseomonas",NA
"ASV_2478","Bacteria","Proteobacteria","Alphaproteobacteria","Acetobacterales","Acetobacteraceae","Roseomonas",NA
"ASV_12290","Bacteria","Proteobacteria","Alphaproteobacteria","Acetobacterales","Acetobacteraceae","Roseomonas",NA
"ASV_51406","Bacteria","Proteobacteria","Alphaproteobacteria","Acetobacterales","Acetobacteraceae","Roseomonas",NA
"ASV_61032","Bacteria","Proteobacteria","Alphaproteobacteria","Azospirillales","Azospirillaceae","Rhodocista",NA
"ASV_464","Bacteria","Proteobacteria","Alphaproteobacteria","Azospirillales","Azospirillaceae","Skermanella","aerolata"
"ASV_507","Bacteria","Proteobacteria","Alphaproteobacteria","Azospirillales","Azospirillaceae","Skermanella",NA
"ASV_13174","Bacteria","Proteobacteria","Alphaproteobacteria","Azospirillales","Azospirillaceae","Skermanella",NA
"ASV_59947","Bacteria","Proteobacteria","Alphaproteobacteria","Azospirillales","Azospirillaceae","Skermanella",NA
"ASV_558","Bacteria","Proteobacteria","Alphaproteobacteria","Azospirillales","Azospirillaceae","ASV_558",NA
"ASV_4865","Bacteria","Proteobacteria","Alphaproteobacteria","Azospirillales","Azospirillaceae","ASV_4865",NA
"ASV_60624","Bacteria","Proteobacteria","Alphaproteobacteria","Azospirillales","Azospirillaceae","ASV_60624",NA
"ASV_60778","Bacteria","Proteobacteria","Alphaproteobacteria","Azospirillales","Azospirillaceae","ASV_60778",NA
"ASV_61065","Bacteria","Proteobacteria","Alphaproteobacteria","Azospirillales","Azospirillaceae","ASV_61065",NA
"ASV_1210","Bacteria","Proteobacteria","Alphaproteobacteria","Caulobacterales","Caulobacteraceae","Brevundimonas",NA
"ASV_1544","Bacteria","Proteobacteria","Alphaproteobacteria","Caulobacterales","Caulobacteraceae","Brevundimonas",NA
"ASV_2390","Bacteria","Proteobacteria","Alphaproteobacteria","Caulobacterales","Caulobacteraceae","Brevundimonas",NA
"ASV_7592","Bacteria","Proteobacteria","Alphaproteobacteria","Caulobacterales","Caulobacteraceae","Brevundimonas",NA
"ASV_53449","Bacteria","Proteobacteria","Alphaproteobacteria","Caulobacterales","Caulobacteraceae","Brevundimonas",NA
"ASV_14867","Bacteria","Proteobacteria","Alphaproteobacteria","Caulobacterales","Caulobacteraceae","Caulobacter",NA
"ASV_21503","Bacteria","Proteobacteria","Alphaproteobacteria","Caulobacterales","Caulobacteraceae","Phenylobacterium","muchangponense"
"ASV_512","Bacteria","Proteobacteria","Alphaproteobacteria","Caulobacterales","Caulobacteraceae","Phenylobacterium",NA
"ASV_1176","Bacteria","Proteobacteria","Alphaproteobacteria","Caulobacterales","Caulobacteraceae","Phenylobacterium",NA
"ASV_9083","Bacteria","Proteobacteria","Alphaproteobacteria","Caulobacterales","Caulobacteraceae","Phenylobacterium",NA
"ASV_45290","Bacteria","Proteobacteria","Alphaproteobacteria","Caulobacterales","Caulobacteraceae","Phenylobacterium",NA
"ASV_1389","Bacteria","Proteobacteria","Alphaproteobacteria","Caulobacterales","Caulobacteraceae","PMMR1",NA
"ASV_1767","Bacteria","Proteobacteria","Alphaproteobacteria","Caulobacterales","Caulobacteraceae","PMMR1",NA
"ASV_499","Bacteria","Proteobacteria","Alphaproteobacteria","Caulobacterales","Caulobacteraceae","ASV_499",NA
"ASV_665","Bacteria","Proteobacteria","Alphaproteobacteria","Caulobacterales","Caulobacteraceae","ASV_665",NA
"ASV_24657","Bacteria","Proteobacteria","Alphaproteobacteria","Caulobacterales","Caulobacteraceae","ASV_24657",NA
"ASV_38969","Bacteria","Proteobacteria","Alphaproteobacteria","Caulobacterales","Caulobacteraceae","ASV_38969",NA
"ASV_47997","Bacteria","Proteobacteria","Alphaproteobacteria","Caulobacterales","Caulobacteraceae","ASV_47997",NA
"ASV_58740","Bacteria","Proteobacteria","Alphaproteobacteria","Caulobacterales","ASV_58740","ASV_58740",NA
"ASV_9150","Bacteria","Proteobacteria","Alphaproteobacteria","Micavibrionales","ASV_9150","ASV_9150",NA
"ASV_29084","Bacteria","Proteobacteria","Alphaproteobacteria","Rhizobiales","Beijerinckiaceae","Bosea",NA
"ASV_826","Bacteria","Proteobacteria","Alphaproteobacteria","Rhizobiales","Beijerinckiaceae","Methylobacterium-Methylorubrum",NA
"ASV_39865","Bacteria","Proteobacteria","Alphaproteobacteria","Rhizobiales","Beijerinckiaceae","Methylobacterium-Methylorubrum",NA
"ASV_525","Bacteria","Proteobacteria","Alphaproteobacteria","Rhizobiales","Beijerinckiaceae","Microvirga","aerilata"
"ASV_277","Bacteria","Proteobacteria","Alphaproteobacteria","Rhizobiales","Beijerinckiaceae","Microvirga",NA
"ASV_40392","Bacteria","Proteobacteria","Alphaproteobacteria","Rhizobiales","Beijerinckiaceae","Microvirga",NA
"ASV_213","Bacteria","Proteobacteria","Alphaproteobacteria","Rhizobiales","Beijerinckiaceae","ASV_213",NA
"ASV_446","Bacteria","Proteobacteria","Alphaproteobacteria","Rhizobiales","Beijerinckiaceae","ASV_446",NA
"ASV_482","Bacteria","Proteobacteria","Alphaproteobacteria","Rhizobiales","Beijerinckiaceae","ASV_482",NA
"ASV_61059","Bacteria","Proteobacteria","Alphaproteobacteria","Rhizobiales","Beijerinckiaceae","ASV_61059",NA
"ASV_8666","Bacteria","Proteobacteria","Alphaproteobacteria","Rhizobiales","D05-2","ASV_8666",NA
"ASV_386","Bacteria","Proteobacteria","Alphaproteobacteria","Rhizobiales","Devosiaceae","Devosia","albogilva"
"ASV_60668","Bacteria","Proteobacteria","Alphaproteobacteria","Rhizobiales","Devosiaceae","Devosia",NA
"ASV_39814","Bacteria","Proteobacteria","Alphaproteobacteria","Rhizobiales","Pleomorphomonadaceae","Chthonobacter",NA
"ASV_226","Bacteria","Proteobacteria","Alphaproteobacteria","Rhizobiales","Rhizobiaceae","Allorhizobium-Neorhizobium-Pararhizobium-Rhizobium",NA
"ASV_922","Bacteria","Proteobacteria","Alphaproteobacteria","Rhizobiales","ASV_922","ASV_922",NA
"ASV_12391","Bacteria","Proteobacteria","Alphaproteobacteria","Rhodobacterales","Rhodobacteraceae","Gemmobacter",NA
"ASV_267","Bacteria","Proteobacteria","Alphaproteobacteria","Rhodobacterales","Rhodobacteraceae","Paracoccus",NA
"ASV_294","Bacteria","Proteobacteria","Alphaproteobacteria","Rhodobacterales","Rhodobacteraceae","Paracoccus",NA
"ASV_393","Bacteria","Proteobacteria","Alphaproteobacteria","Rhodobacterales","Rhodobacteraceae","Paracoccus",NA
"ASV_855","Bacteria","Proteobacteria","Alphaproteobacteria","Rhodobacterales","Rhodobacteraceae","Paracoccus",NA
"ASV_7989","Bacteria","Proteobacteria","Alphaproteobacteria","Rhodobacterales","Rhodobacteraceae","Paracoccus",NA
"ASV_12631","Bacteria","Proteobacteria","Alphaproteobacteria","Rhodobacterales","Rhodobacteraceae","Paracoccus",NA
"ASV_29441","Bacteria","Proteobacteria","Alphaproteobacteria","Rhodobacterales","Rhodobacteraceae","Paracoccus",NA
"ASV_573","Bacteria","Proteobacteria","Alphaproteobacteria","Rhodobacterales","Rhodobacteraceae","Rhodobacter",NA
"ASV_760","Bacteria","Proteobacteria","Alphaproteobacteria","Rhodobacterales","Rhodobacteraceae","Rubellimicrobium","roseum"
"ASV_339","Bacteria","Proteobacteria","Alphaproteobacteria","Rhodobacterales","Rhodobacteraceae","Rubellimicrobium",NA
"ASV_362","Bacteria","Proteobacteria","Alphaproteobacteria","Rhodobacterales","Rhodobacteraceae","Rubellimicrobium",NA
"ASV_375","Bacteria","Proteobacteria","Alphaproteobacteria","Rhodobacterales","Rhodobacteraceae","Rubellimicrobium",NA
"ASV_747","Bacteria","Proteobacteria","Alphaproteobacteria","Rhodobacterales","Rhodobacteraceae","Rubellimicrobium",NA
"ASV_4026","Bacteria","Proteobacteria","Alphaproteobacteria","Rhodobacterales","Rhodobacteraceae","Rubellimicrobium",NA
"ASV_50481","Bacteria","Proteobacteria","Alphaproteobacteria","Rhodobacterales","Rhodobacteraceae","Rubellimicrobium",NA
"ASV_57041","Bacteria","Proteobacteria","Alphaproteobacteria","Rhodobacterales","Rhodobacteraceae","Rubellimicrobium",NA
"ASV_1502","Bacteria","Proteobacteria","Alphaproteobacteria","Rhodobacterales","Rhodobacteraceae","Tabrizicola","aquatica"
"ASV_60194","Bacteria","Proteobacteria","Alphaproteobacteria","Rhodobacterales","Rhodobacteraceae","ASV_60194",NA
"ASV_1128","Bacteria","Proteobacteria","Alphaproteobacteria","Rhodospirillales","Rhodospirillaceae","Novispirillum",NA
"ASV_854","Bacteria","Proteobacteria","Alphaproteobacteria","Rhodospirillales","ASV_854","ASV_854",NA
"ASV_426","Bacteria","Proteobacteria","Alphaproteobacteria","Rickettsiales","Mitochondria","ASV_426",NA
"ASV_41205","Bacteria","Proteobacteria","Alphaproteobacteria","Sphingomonadales","Sphingomonadaceae","Blastomonas",NA
"ASV_651","Bacteria","Proteobacteria","Alphaproteobacteria","Sphingomonadales","Sphingomonadaceae","Ellin6055",NA
"ASV_4366","Bacteria","Proteobacteria","Alphaproteobacteria","Sphingomonadales","Sphingomonadaceae","Novosphingobium",NA
"ASV_24930","Bacteria","Proteobacteria","Alphaproteobacteria","Sphingomonadales","Sphingomonadaceae","Novosphingobium",NA
"ASV_898","Bacteria","Proteobacteria","Alphaproteobacteria","Sphingomonadales","Sphingomonadaceae","Qipengyuania",NA
"ASV_57092","Bacteria","Proteobacteria","Alphaproteobacteria","Sphingomonadales","Sphingomonadaceae","Qipengyuania",NA
"ASV_60604","Bacteria","Proteobacteria","Alphaproteobacteria","Sphingomonadales","Sphingomonadaceae","Qipengyuania",NA
"ASV_430","Bacteria","Proteobacteria","Alphaproteobacteria","Sphingomonadales","Sphingomonadaceae","Sphingoaurantiacus","polygranulatus"
"ASV_727","Bacteria","Proteobacteria","Alphaproteobacteria","Sphingomonadales","Sphingomonadaceae","Sphingoaurantiacus",NA
"ASV_10119","Bacteria","Proteobacteria","Alphaproteobacteria","Sphingomonadales","Sphingomonadaceae","Sphingobium",NA
"ASV_54916","Bacteria","Proteobacteria","Alphaproteobacteria","Sphingomonadales","Sphingomonadaceae","Sphingomonas","humi"
"ASV_18093","Bacteria","Proteobacteria","Alphaproteobacteria","Sphingomonadales","Sphingomonadaceae","Sphingomonas","koreensis"
"ASV_5844","Bacteria","Proteobacteria","Alphaproteobacteria","Sphingomonadales","Sphingomonadaceae","Sphingomonas","mucosissima"
"ASV_715","Bacteria","Proteobacteria","Alphaproteobacteria","Sphingomonadales","Sphingomonadaceae","Sphingomonas",NA
"ASV_730","Bacteria","Proteobacteria","Alphaproteobacteria","Sphingomonadales","Sphingomonadaceae","Sphingomonas",NA
"ASV_5556","Bacteria","Proteobacteria","Alphaproteobacteria","Sphingomonadales","Sphingomonadaceae","Sphingomonas",NA
"ASV_48774","Bacteria","Proteobacteria","Alphaproteobacteria","Sphingomonadales","Sphingomonadaceae","Sphingomonas",NA
"ASV_51769","Bacteria","Proteobacteria","Alphaproteobacteria","Sphingomonadales","Sphingomonadaceae","Sphingomonas",NA
"ASV_762","Bacteria","Proteobacteria","Alphaproteobacteria","Sphingomonadales","Sphingomonadaceae","ASV_762",NA
"ASV_36157","Bacteria","Proteobacteria","Alphaproteobacteria","Sphingomonadales","Sphingomonadaceae","ASV_36157",NA
"ASV_597","Bacteria","Proteobacteria","Alphaproteobacteria","ASV_597","ASV_597","ASV_597",NA
"ASV_916","Bacteria","Proteobacteria","Alphaproteobacteria","ASV_916","ASV_916","ASV_916",NA
"ASV_181","Bacteria","Proteobacteria","Gammaproteobacteria","Aeromonadales","Aeromonadaceae","Aeromonas",NA
"ASV_392","Bacteria","Proteobacteria","Gammaproteobacteria","Alteromonadales","Alteromonadaceae","Alishewanella",NA
"ASV_58636","Bacteria","Proteobacteria","Gammaproteobacteria","Alteromonadales","Alteromonadaceae","Alishewanella",NA
"ASV_220","Bacteria","Proteobacteria","Gammaproteobacteria","Alteromonadales","Shewanellaceae","Shewanella",NA
"ASV_1120","Bacteria","Proteobacteria","Gammaproteobacteria","Alteromonadales","Shewanellaceae","Shewanella",NA
"ASV_4887","Bacteria","Proteobacteria","Gammaproteobacteria","Alteromonadales","ASV_4887","ASV_4887",NA
"ASV_124","Bacteria","Proteobacteria","Gammaproteobacteria","Burkholderiales","Alcaligenaceae","Bordetella",NA
"ASV_4686","Bacteria","Proteobacteria","Gammaproteobacteria","Burkholderiales","Alcaligenaceae","Bordetella",NA
"ASV_229","Bacteria","Proteobacteria","Gammaproteobacteria","Burkholderiales","Burkholderiaceae","Burkholderia-Caballeronia-Paraburkholderia",NA
"ASV_463","Bacteria","Proteobacteria","Gammaproteobacteria","Burkholderiales","Burkholderiaceae","Lautropia","mirabilis"
"ASV_53559","Bacteria","Proteobacteria","Gammaproteobacteria","Burkholderiales","Burkholderiaceae","Polynucleobacter",NA
"ASV_319","Bacteria","Proteobacteria","Gammaproteobacteria","Burkholderiales","Chitinimonadaceae","Chitinimonas","taiwanensis"
"ASV_59192","Bacteria","Proteobacteria","Gammaproteobacteria","Burkholderiales","Comamonadaceae","Acidovorax",NA
"ASV_1836","Bacteria","Proteobacteria","Gammaproteobacteria","Burkholderiales","Comamonadaceae","Aquabacterium","parvum"
"ASV_1090","Bacteria","Proteobacteria","Gammaproteobacteria","Burkholderiales","Comamonadaceae","Aquabacterium",NA
"ASV_537","Bacteria","Proteobacteria","Gammaproteobacteria","Burkholderiales","Comamonadaceae","Azohydromonas",NA
"ASV_6555","Bacteria","Proteobacteria","Gammaproteobacteria","Burkholderiales","Comamonadaceae","Hydrogenophaga","intermedia"
"ASV_1621","Bacteria","Proteobacteria","Gammaproteobacteria","Burkholderiales","Comamonadaceae","Malikia",NA
"ASV_10938","Bacteria","Proteobacteria","Gammaproteobacteria","Burkholderiales","Comamonadaceae","Paucibacter",NA
"ASV_348","Bacteria","Proteobacteria","Gammaproteobacteria","Burkholderiales","Comamonadaceae","Ramlibacter",NA
"ASV_1006","Bacteria","Proteobacteria","Gammaproteobacteria","Burkholderiales","Comamonadaceae","Rhodoferax",NA
"ASV_18394","Bacteria","Proteobacteria","Gammaproteobacteria","Burkholderiales","Comamonadaceae","Rhodoferax",NA
"ASV_6273","Bacteria","Proteobacteria","Gammaproteobacteria","Burkholderiales","Comamonadaceae","Rubrivivax",NA
"ASV_31382","Bacteria","Proteobacteria","Gammaproteobacteria","Burkholderiales","Comamonadaceae","Variovorax",NA
"ASV_3249","Bacteria","Proteobacteria","Gammaproteobacteria","Burkholderiales","Comamonadaceae","ASV_3249",NA
"ASV_12916","Bacteria","Proteobacteria","Gammaproteobacteria","Burkholderiales","Comamonadaceae","ASV_12916",NA
"ASV_49369","Bacteria","Proteobacteria","Gammaproteobacteria","Burkholderiales","Comamonadaceae","ASV_49369",NA
"ASV_56401","Bacteria","Proteobacteria","Gammaproteobacteria","Burkholderiales","Comamonadaceae","ASV_56401",NA
"ASV_60899","Bacteria","Proteobacteria","Gammaproteobacteria","Burkholderiales","Comamonadaceae","ASV_60899",NA
"ASV_421","Bacteria","Proteobacteria","Gammaproteobacteria","Burkholderiales","Neisseriaceae","Conchiformibius",NA
"ASV_58506","Bacteria","Proteobacteria","Gammaproteobacteria","Burkholderiales","Neisseriaceae","Eikenella",NA
"ASV_1082","Bacteria","Proteobacteria","Gammaproteobacteria","Burkholderiales","Neisseriaceae","Kingella","kingae"
"ASV_269","Bacteria","Proteobacteria","Gammaproteobacteria","Burkholderiales","Neisseriaceae","Kingella",NA
"ASV_590","Bacteria","Proteobacteria","Gammaproteobacteria","Burkholderiales","Neisseriaceae","Kingella",NA
"ASV_360","Bacteria","Proteobacteria","Gammaproteobacteria","Burkholderiales","Neisseriaceae","Neisseria","flavescens"
"ASV_45","Bacteria","Proteobacteria","Gammaproteobacteria","Burkholderiales","Neisseriaceae","Neisseria","meningitidis"
"ASV_207","Bacteria","Proteobacteria","Gammaproteobacteria","Burkholderiales","Neisseriaceae","Neisseria","meningitidis"
"ASV_241","Bacteria","Proteobacteria","Gammaproteobacteria","Burkholderiales","Neisseriaceae","Neisseria","meningitidis"
"ASV_627","Bacteria","Proteobacteria","Gammaproteobacteria","Burkholderiales","Neisseriaceae","Neisseria","meningitidis"
"ASV_13","Bacteria","Proteobacteria","Gammaproteobacteria","Burkholderiales","Neisseriaceae","Neisseria",NA
"ASV_18","Bacteria","Proteobacteria","Gammaproteobacteria","Burkholderiales","Neisseriaceae","Neisseria",NA
"ASV_67","Bacteria","Proteobacteria","Gammaproteobacteria","Burkholderiales","Neisseriaceae","Neisseria",NA
"ASV_70","Bacteria","Proteobacteria","Gammaproteobacteria","Burkholderiales","Neisseriaceae","Neisseria",NA
"ASV_107","Bacteria","Proteobacteria","Gammaproteobacteria","Burkholderiales","Neisseriaceae","Neisseria",NA
"ASV_146","Bacteria","Proteobacteria","Gammaproteobacteria","Burkholderiales","Neisseriaceae","Neisseria",NA
"ASV_163","Bacteria","Proteobacteria","Gammaproteobacteria","Burkholderiales","Neisseriaceae","Neisseria",NA
"ASV_231","Bacteria","Proteobacteria","Gammaproteobacteria","Burkholderiales","Neisseriaceae","Neisseria",NA
"ASV_244","Bacteria","Proteobacteria","Gammaproteobacteria","Burkholderiales","Neisseriaceae","Neisseria",NA
"ASV_308","Bacteria","Proteobacteria","Gammaproteobacteria","Burkholderiales","Neisseriaceae","Neisseria",NA
"ASV_640","Bacteria","Proteobacteria","Gammaproteobacteria","Burkholderiales","Neisseriaceae","Neisseria",NA
"ASV_737","Bacteria","Proteobacteria","Gammaproteobacteria","Burkholderiales","Neisseriaceae","Neisseria",NA
"ASV_775","Bacteria","Proteobacteria","Gammaproteobacteria","Burkholderiales","Neisseriaceae","Neisseria",NA
"ASV_1345","Bacteria","Proteobacteria","Gammaproteobacteria","Burkholderiales","Neisseriaceae","Neisseria",NA
"ASV_3247","Bacteria","Proteobacteria","Gammaproteobacteria","Burkholderiales","Neisseriaceae","Neisseria",NA
"ASV_6324","Bacteria","Proteobacteria","Gammaproteobacteria","Burkholderiales","Neisseriaceae","Neisseria",NA
"ASV_9058","Bacteria","Proteobacteria","Gammaproteobacteria","Burkholderiales","Neisseriaceae","Neisseria",NA
"ASV_10863","Bacteria","Proteobacteria","Gammaproteobacteria","Burkholderiales","Neisseriaceae","Neisseria",NA
"ASV_58847","Bacteria","Proteobacteria","Gammaproteobacteria","Burkholderiales","Neisseriaceae","Neisseria",NA
"ASV_19","Bacteria","Proteobacteria","Gammaproteobacteria","Burkholderiales","Neisseriaceae","ASV_19",NA
"ASV_284","Bacteria","Proteobacteria","Gammaproteobacteria","Burkholderiales","Neisseriaceae","ASV_284",NA
"ASV_438","Bacteria","Proteobacteria","Gammaproteobacteria","Burkholderiales","Neisseriaceae","ASV_438",NA
"ASV_451","Bacteria","Proteobacteria","Gammaproteobacteria","Burkholderiales","Neisseriaceae","ASV_451",NA
"ASV_479","Bacteria","Proteobacteria","Gammaproteobacteria","Burkholderiales","Neisseriaceae","ASV_479",NA
"ASV_1175","Bacteria","Proteobacteria","Gammaproteobacteria","Burkholderiales","Neisseriaceae","ASV_1175",NA
"ASV_3364","Bacteria","Proteobacteria","Gammaproteobacteria","Burkholderiales","Neisseriaceae","ASV_3364",NA
"ASV_3476","Bacteria","Proteobacteria","Gammaproteobacteria","Burkholderiales","Neisseriaceae","ASV_3476",NA
"ASV_11634","Bacteria","Proteobacteria","Gammaproteobacteria","Burkholderiales","Neisseriaceae","ASV_11634",NA
"ASV_59886","Bacteria","Proteobacteria","Gammaproteobacteria","Burkholderiales","Neisseriaceae","ASV_59886",NA
"ASV_44899","Bacteria","Proteobacteria","Gammaproteobacteria","Burkholderiales","Nitrosomonadaceae","Ellin6067",NA
"ASV_424","Bacteria","Proteobacteria","Gammaproteobacteria","Burkholderiales","Oxalobacteraceae","Massilia",NA
"ASV_444","Bacteria","Proteobacteria","Gammaproteobacteria","Burkholderiales","Oxalobacteraceae","Massilia",NA
"ASV_765","Bacteria","Proteobacteria","Gammaproteobacteria","Burkholderiales","Oxalobacteraceae","Massilia",NA
"ASV_9678","Bacteria","Proteobacteria","Gammaproteobacteria","Burkholderiales","Oxalobacteraceae","Massilia",NA
"ASV_18713","Bacteria","Proteobacteria","Gammaproteobacteria","Burkholderiales","Oxalobacteraceae","Massilia",NA
"ASV_39203","Bacteria","Proteobacteria","Gammaproteobacteria","Burkholderiales","Oxalobacteraceae","Massilia",NA
"ASV_682","Bacteria","Proteobacteria","Gammaproteobacteria","Burkholderiales","Oxalobacteraceae","Noviherbaspirillum",NA
"ASV_8545","Bacteria","Proteobacteria","Gammaproteobacteria","Burkholderiales","Oxalobacteraceae","Noviherbaspirillum",NA
"ASV_960","Bacteria","Proteobacteria","Gammaproteobacteria","Burkholderiales","Oxalobacteraceae","ASV_960",NA
"ASV_962","Bacteria","Proteobacteria","Gammaproteobacteria","Burkholderiales","Oxalobacteraceae","ASV_962",NA
"ASV_1169","Bacteria","Proteobacteria","Gammaproteobacteria","Burkholderiales","Oxalobacteraceae","ASV_1169",NA
"ASV_1274","Bacteria","Proteobacteria","Gammaproteobacteria","Burkholderiales","Oxalobacteraceae","ASV_1274",NA
"ASV_1676","Bacteria","Proteobacteria","Gammaproteobacteria","Burkholderiales","Oxalobacteraceae","ASV_1676",NA
"ASV_7192","Bacteria","Proteobacteria","Gammaproteobacteria","Burkholderiales","Oxalobacteraceae","ASV_7192",NA
"ASV_11832","Bacteria","Proteobacteria","Gammaproteobacteria","Burkholderiales","Oxalobacteraceae","ASV_11832",NA
"ASV_17801","Bacteria","Proteobacteria","Gammaproteobacteria","Burkholderiales","Oxalobacteraceae","ASV_17801",NA
"ASV_50234","Bacteria","Proteobacteria","Gammaproteobacteria","Burkholderiales","Oxalobacteraceae","ASV_50234",NA
"ASV_58784","Bacteria","Proteobacteria","Gammaproteobacteria","Burkholderiales","Oxalobacteraceae","ASV_58784",NA
"ASV_59439","Bacteria","Proteobacteria","Gammaproteobacteria","Burkholderiales","Oxalobacteraceae","ASV_59439",NA
"ASV_35423","Bacteria","Proteobacteria","Gammaproteobacteria","Burkholderiales","Rhodocyclaceae","Thauera",NA
"ASV_55729","Bacteria","Proteobacteria","Gammaproteobacteria","Burkholderiales","Rhodocyclaceae","ASV_55729",NA
"ASV_311","Bacteria","Proteobacteria","Gammaproteobacteria","Burkholderiales","ASV_311","ASV_311",NA
"ASV_330","Bacteria","Proteobacteria","Gammaproteobacteria","Burkholderiales","ASV_330","ASV_330",NA
"ASV_434","Bacteria","Proteobacteria","Gammaproteobacteria","Burkholderiales","ASV_434","ASV_434",NA
"ASV_1057","Bacteria","Proteobacteria","Gammaproteobacteria","Burkholderiales","ASV_1057","ASV_1057",NA
"ASV_1122","Bacteria","Proteobacteria","Gammaproteobacteria","Burkholderiales","ASV_1122","ASV_1122",NA
"ASV_1342","Bacteria","Proteobacteria","Gammaproteobacteria","Burkholderiales","ASV_1342","ASV_1342",NA
"ASV_1704","Bacteria","Proteobacteria","Gammaproteobacteria","Burkholderiales","ASV_1704","ASV_1704",NA
"ASV_2346","Bacteria","Proteobacteria","Gammaproteobacteria","Burkholderiales","ASV_2346","ASV_2346",NA
"ASV_12488","Bacteria","Proteobacteria","Gammaproteobacteria","Burkholderiales","ASV_12488","ASV_12488",NA
"ASV_38823","Bacteria","Proteobacteria","Gammaproteobacteria","Burkholderiales","ASV_38823","ASV_38823",NA
"ASV_40372","Bacteria","Proteobacteria","Gammaproteobacteria","Burkholderiales","ASV_40372","ASV_40372",NA
"ASV_58171","Bacteria","Proteobacteria","Gammaproteobacteria","Burkholderiales","ASV_58171","ASV_58171",NA
"ASV_60202","Bacteria","Proteobacteria","Gammaproteobacteria","Burkholderiales","ASV_60202","ASV_60202",NA
"ASV_123","Bacteria","Proteobacteria","Gammaproteobacteria","Cardiobacteriales","Cardiobacteriaceae","Suttonella","indologenes"
"ASV_260","Bacteria","Proteobacteria","Gammaproteobacteria","Cardiobacteriales","Cardiobacteriaceae","Suttonella",NA
"ASV_521","Bacteria","Proteobacteria","Gammaproteobacteria","Cardiobacteriales","Cardiobacteriaceae","Suttonella",NA
"ASV_264","Bacteria","Proteobacteria","Gammaproteobacteria","Cardiobacteriales","Cardiobacteriaceae","ASV_264",NA
"ASV_22835","Bacteria","Proteobacteria","Gammaproteobacteria","Cellvibrionales","Cellvibrionaceae","Cellvibrio",NA
"ASV_7054","Bacteria","Proteobacteria","Gammaproteobacteria","Enterobacterales","Enterobacteriaceae","Escherichia/Shigella",NA
"ASV_17","Bacteria","Proteobacteria","Gammaproteobacteria","Enterobacterales","Enterobacteriaceae","Klebsiella",NA
"ASV_388","Bacteria","Proteobacteria","Gammaproteobacteria","Enterobacterales","Enterobacteriaceae","Raoultella",NA
"ASV_743","Bacteria","Proteobacteria","Gammaproteobacteria","Enterobacterales","Enterobacteriaceae","Raoultella",NA
"ASV_403","Bacteria","Proteobacteria","Gammaproteobacteria","Enterobacterales","Enterobacteriaceae","ASV_403",NA
"ASV_769","Bacteria","Proteobacteria","Gammaproteobacteria","Enterobacterales","Enterobacteriaceae","ASV_769",NA
"ASV_368","Bacteria","Proteobacteria","Gammaproteobacteria","Enterobacterales","Erwiniaceae","Pantoea",NA
"ASV_503","Bacteria","Proteobacteria","Gammaproteobacteria","Enterobacterales","Erwiniaceae","Pantoea",NA
"ASV_18502","Bacteria","Proteobacteria","Gammaproteobacteria","Enterobacterales","Erwiniaceae","ASV_18502",NA
"ASV_144","Bacteria","Proteobacteria","Gammaproteobacteria","Enterobacterales","Morganellaceae","Proteus",NA
"ASV_62","Bacteria","Proteobacteria","Gammaproteobacteria","Enterobacterales","Yersiniaceae","Serratia",NA
"ASV_419","Bacteria","Proteobacteria","Gammaproteobacteria","Enterobacterales","Yersiniaceae","Yersinia",NA
"ASV_275","Bacteria","Proteobacteria","Gammaproteobacteria","Enterobacterales","ASV_275","ASV_275",NA
"ASV_631","Bacteria","Proteobacteria","Gammaproteobacteria","Enterobacterales","ASV_631","ASV_631",NA
"ASV_1779","Bacteria","Proteobacteria","Gammaproteobacteria","Methylococcales","Methylomonadaceae","Crenothrix",NA
"ASV_567","Bacteria","Proteobacteria","Gammaproteobacteria","Oceanospirillales","Halomonadaceae","Halomonas",NA
"ASV_1891","Bacteria","Proteobacteria","Gammaproteobacteria","Oceanospirillales","Halomonadaceae","Halomonas",NA
"ASV_112","Bacteria","Proteobacteria","Gammaproteobacteria","Pasteurellales","Pasteurellaceae","Actinobacillus","ureae"
"ASV_43","Bacteria","Proteobacteria","Gammaproteobacteria","Pasteurellales","Pasteurellaceae","Actinobacillus",NA
"ASV_116","Bacteria","Proteobacteria","Gammaproteobacteria","Pasteurellales","Pasteurellaceae","Actinobacillus",NA
"ASV_882","Bacteria","Proteobacteria","Gammaproteobacteria","Pasteurellales","Pasteurellaceae","Actinobacillus",NA
"ASV_158","Bacteria","Proteobacteria","Gammaproteobacteria","Pasteurellales","Pasteurellaceae","Aggregatibacter","segnis"
"ASV_57","Bacteria","Proteobacteria","Gammaproteobacteria","Pasteurellales","Pasteurellaceae","Haemophilus","influenzae"
"ASV_120","Bacteria","Proteobacteria","Gammaproteobacteria","Pasteurellales","Pasteurellaceae","Haemophilus","influenzae"
"ASV_203","Bacteria","Proteobacteria","Gammaproteobacteria","Pasteurellales","Pasteurellaceae","Haemophilus","influenzae"
"ASV_328","Bacteria","Proteobacteria","Gammaproteobacteria","Pasteurellales","Pasteurellaceae","Haemophilus","influenzae"
"ASV_859","Bacteria","Proteobacteria","Gammaproteobacteria","Pasteurellales","Pasteurellaceae","Haemophilus","influenzae"
"ASV_2","Bacteria","Proteobacteria","Gammaproteobacteria","Pasteurellales","Pasteurellaceae","Haemophilus",NA
"ASV_3","Bacteria","Proteobacteria","Gammaproteobacteria","Pasteurellales","Pasteurellaceae","Haemophilus",NA
"ASV_14","Bacteria","Proteobacteria","Gammaproteobacteria","Pasteurellales","Pasteurellaceae","Haemophilus",NA
"ASV_20","Bacteria","Proteobacteria","Gammaproteobacteria","Pasteurellales","Pasteurellaceae","Haemophilus",NA
"ASV_96","Bacteria","Proteobacteria","Gammaproteobacteria","Pasteurellales","Pasteurellaceae","Haemophilus",NA
"ASV_125","Bacteria","Proteobacteria","Gammaproteobacteria","Pasteurellales","Pasteurellaceae","Haemophilus",NA
"ASV_154","Bacteria","Proteobacteria","Gammaproteobacteria","Pasteurellales","Pasteurellaceae","Haemophilus",NA
"ASV_161","Bacteria","Proteobacteria","Gammaproteobacteria","Pasteurellales","Pasteurellaceae","Haemophilus",NA
"ASV_195","Bacteria","Proteobacteria","Gammaproteobacteria","Pasteurellales","Pasteurellaceae","Haemophilus",NA
"ASV_262","Bacteria","Proteobacteria","Gammaproteobacteria","Pasteurellales","Pasteurellaceae","Haemophilus",NA
"ASV_295","Bacteria","Proteobacteria","Gammaproteobacteria","Pasteurellales","Pasteurellaceae","Haemophilus",NA
"ASV_354","Bacteria","Proteobacteria","Gammaproteobacteria","Pasteurellales","Pasteurellaceae","Haemophilus",NA
"ASV_384","Bacteria","Proteobacteria","Gammaproteobacteria","Pasteurellales","Pasteurellaceae","Haemophilus",NA
"ASV_420","Bacteria","Proteobacteria","Gammaproteobacteria","Pasteurellales","Pasteurellaceae","Haemophilus",NA
"ASV_461","Bacteria","Proteobacteria","Gammaproteobacteria","Pasteurellales","Pasteurellaceae","Haemophilus",NA
"ASV_475","Bacteria","Proteobacteria","Gammaproteobacteria","Pasteurellales","Pasteurellaceae","Haemophilus",NA
"ASV_568","Bacteria","Proteobacteria","Gammaproteobacteria","Pasteurellales","Pasteurellaceae","Haemophilus",NA
"ASV_572","Bacteria","Proteobacteria","Gammaproteobacteria","Pasteurellales","Pasteurellaceae","Haemophilus",NA
"ASV_591","Bacteria","Proteobacteria","Gammaproteobacteria","Pasteurellales","Pasteurellaceae","Haemophilus",NA
"ASV_667","Bacteria","Proteobacteria","Gammaproteobacteria","Pasteurellales","Pasteurellaceae","Haemophilus",NA
"ASV_696","Bacteria","Proteobacteria","Gammaproteobacteria","Pasteurellales","Pasteurellaceae","Haemophilus",NA
"ASV_741","Bacteria","Proteobacteria","Gammaproteobacteria","Pasteurellales","Pasteurellaceae","Haemophilus",NA
"ASV_842","Bacteria","Proteobacteria","Gammaproteobacteria","Pasteurellales","Pasteurellaceae","Haemophilus",NA
"ASV_17596","Bacteria","Proteobacteria","Gammaproteobacteria","Pasteurellales","Pasteurellaceae","Haemophilus",NA
"ASV_21711","Bacteria","Proteobacteria","Gammaproteobacteria","Pasteurellales","Pasteurellaceae","Haemophilus",NA
"ASV_31044","Bacteria","Proteobacteria","Gammaproteobacteria","Pasteurellales","Pasteurellaceae","Haemophilus",NA
"ASV_57424","Bacteria","Proteobacteria","Gammaproteobacteria","Pasteurellales","Pasteurellaceae","Haemophilus",NA
"ASV_136","Bacteria","Proteobacteria","Gammaproteobacteria","Pasteurellales","Pasteurellaceae","Mannheimia",NA
"ASV_1044","Bacteria","Proteobacteria","Gammaproteobacteria","Pasteurellales","Pasteurellaceae","Mannheimia",NA
"ASV_626","Bacteria","Proteobacteria","Gammaproteobacteria","Pasteurellales","Pasteurellaceae","ASV_626",NA
"ASV_11905","Bacteria","Proteobacteria","Gammaproteobacteria","Pasteurellales","Pasteurellaceae","ASV_11905",NA
"ASV_39709","Bacteria","Proteobacteria","Gammaproteobacteria","Pasteurellales","Pasteurellaceae","ASV_39709",NA
"ASV_54107","Bacteria","Proteobacteria","Gammaproteobacteria","Pasteurellales","Pasteurellaceae","ASV_54107",NA
"ASV_54715","Bacteria","Proteobacteria","Gammaproteobacteria","Pasteurellales","Pasteurellaceae","ASV_54715",NA
"ASV_57725","Bacteria","Proteobacteria","Gammaproteobacteria","Pasteurellales","Pasteurellaceae","ASV_57725",NA
"ASV_59804","Bacteria","Proteobacteria","Gammaproteobacteria","Pasteurellales","Pasteurellaceae","ASV_59804",NA
"ASV_60151","Bacteria","Proteobacteria","Gammaproteobacteria","Pasteurellales","Pasteurellaceae","ASV_60151",NA
"ASV_60954","Bacteria","Proteobacteria","Gammaproteobacteria","Pasteurellales","Pasteurellaceae","ASV_60954",NA
"ASV_127","Bacteria","Proteobacteria","Gammaproteobacteria","Pseudomonadales","Moraxellaceae","Acinetobacter",NA
"ASV_134","Bacteria","Proteobacteria","Gammaproteobacteria","Pseudomonadales","Moraxellaceae","Acinetobacter",NA
"ASV_155","Bacteria","Proteobacteria","Gammaproteobacteria","Pseudomonadales","Moraxellaceae","Acinetobacter",NA
"ASV_437","Bacteria","Proteobacteria","Gammaproteobacteria","Pseudomonadales","Moraxellaceae","Acinetobacter",NA
"ASV_495","Bacteria","Proteobacteria","Gammaproteobacteria","Pseudomonadales","Moraxellaceae","Acinetobacter",NA
"ASV_740","Bacteria","Proteobacteria","Gammaproteobacteria","Pseudomonadales","Moraxellaceae","Acinetobacter",NA
"ASV_1028","Bacteria","Proteobacteria","Gammaproteobacteria","Pseudomonadales","Moraxellaceae","Acinetobacter",NA
"ASV_1373","Bacteria","Proteobacteria","Gammaproteobacteria","Pseudomonadales","Moraxellaceae","Acinetobacter",NA
"ASV_15111","Bacteria","Proteobacteria","Gammaproteobacteria","Pseudomonadales","Moraxellaceae","Acinetobacter",NA
"ASV_55427","Bacteria","Proteobacteria","Gammaproteobacteria","Pseudomonadales","Moraxellaceae","Acinetobacter",NA
"ASV_57980","Bacteria","Proteobacteria","Gammaproteobacteria","Pseudomonadales","Moraxellaceae","Acinetobacter",NA
"ASV_59249","Bacteria","Proteobacteria","Gammaproteobacteria","Pseudomonadales","Moraxellaceae","Acinetobacter",NA
"ASV_59372","Bacteria","Proteobacteria","Gammaproteobacteria","Pseudomonadales","Moraxellaceae","Acinetobacter",NA
"ASV_59960","Bacteria","Proteobacteria","Gammaproteobacteria","Pseudomonadales","Moraxellaceae","Acinetobacter",NA
"ASV_60907","Bacteria","Proteobacteria","Gammaproteobacteria","Pseudomonadales","Moraxellaceae","Acinetobacter",NA
"ASV_56800","Bacteria","Proteobacteria","Gammaproteobacteria","Pseudomonadales","Moraxellaceae","Fluviicoccus",NA
"ASV_11","Bacteria","Proteobacteria","Gammaproteobacteria","Pseudomonadales","Moraxellaceae","Moraxella","lincolnii"
"ASV_75","Bacteria","Proteobacteria","Gammaproteobacteria","Pseudomonadales","Moraxellaceae","Moraxella","nonliquefaciens"
"ASV_1","Bacteria","Proteobacteria","Gammaproteobacteria","Pseudomonadales","Moraxellaceae","Moraxella",NA
"ASV_21","Bacteria","Proteobacteria","Gammaproteobacteria","Pseudomonadales","Moraxellaceae","Moraxella",NA
"ASV_28","Bacteria","Proteobacteria","Gammaproteobacteria","Pseudomonadales","Moraxellaceae","Moraxella",NA
"ASV_30","Bacteria","Proteobacteria","Gammaproteobacteria","Pseudomonadales","Moraxellaceae","Moraxella",NA
"ASV_33","Bacteria","Proteobacteria","Gammaproteobacteria","Pseudomonadales","Moraxellaceae","Moraxella",NA
"ASV_38","Bacteria","Proteobacteria","Gammaproteobacteria","Pseudomonadales","Moraxellaceae","Moraxella",NA
"ASV_53","Bacteria","Proteobacteria","Gammaproteobacteria","Pseudomonadales","Moraxellaceae","Moraxella",NA
"ASV_71","Bacteria","Proteobacteria","Gammaproteobacteria","Pseudomonadales","Moraxellaceae","Moraxella",NA
"ASV_105","Bacteria","Proteobacteria","Gammaproteobacteria","Pseudomonadales","Moraxellaceae","Moraxella",NA
"ASV_177","Bacteria","Proteobacteria","Gammaproteobacteria","Pseudomonadales","Moraxellaceae","Moraxella",NA
"ASV_214","Bacteria","Proteobacteria","Gammaproteobacteria","Pseudomonadales","Moraxellaceae","Moraxella",NA
"ASV_268","Bacteria","Proteobacteria","Gammaproteobacteria","Pseudomonadales","Moraxellaceae","Moraxella",NA
"ASV_302","Bacteria","Proteobacteria","Gammaproteobacteria","Pseudomonadales","Moraxellaceae","Moraxella",NA
"ASV_307","Bacteria","Proteobacteria","Gammaproteobacteria","Pseudomonadales","Moraxellaceae","Moraxella",NA
"ASV_333","Bacteria","Proteobacteria","Gammaproteobacteria","Pseudomonadales","Moraxellaceae","Moraxella",NA
"ASV_506","Bacteria","Proteobacteria","Gammaproteobacteria","Pseudomonadales","Moraxellaceae","Moraxella",NA
"ASV_601","Bacteria","Proteobacteria","Gammaproteobacteria","Pseudomonadales","Moraxellaceae","Moraxella",NA
"ASV_611","Bacteria","Proteobacteria","Gammaproteobacteria","Pseudomonadales","Moraxellaceae","Moraxella",NA
"ASV_835","Bacteria","Proteobacteria","Gammaproteobacteria","Pseudomonadales","Moraxellaceae","Moraxella",NA
"ASV_1982","Bacteria","Proteobacteria","Gammaproteobacteria","Pseudomonadales","Moraxellaceae","Moraxella",NA
"ASV_2734","Bacteria","Proteobacteria","Gammaproteobacteria","Pseudomonadales","Moraxellaceae","Moraxella",NA
"ASV_2796","Bacteria","Proteobacteria","Gammaproteobacteria","Pseudomonadales","Moraxellaceae","Moraxella",NA
"ASV_4596","Bacteria","Proteobacteria","Gammaproteobacteria","Pseudomonadales","Moraxellaceae","Moraxella",NA
"ASV_11221","Bacteria","Proteobacteria","Gammaproteobacteria","Pseudomonadales","Moraxellaceae","Moraxella",NA
"ASV_18189","Bacteria","Proteobacteria","Gammaproteobacteria","Pseudomonadales","Moraxellaceae","Moraxella",NA
"ASV_40618","Bacteria","Proteobacteria","Gammaproteobacteria","Pseudomonadales","Moraxellaceae","Moraxella",NA
"ASV_44607","Bacteria","Proteobacteria","Gammaproteobacteria","Pseudomonadales","Moraxellaceae","Moraxella",NA
"ASV_59168","Bacteria","Proteobacteria","Gammaproteobacteria","Pseudomonadales","Moraxellaceae","Moraxella",NA
"ASV_59656","Bacteria","Proteobacteria","Gammaproteobacteria","Pseudomonadales","Moraxellaceae","Moraxella",NA
"ASV_60669","Bacteria","Proteobacteria","Gammaproteobacteria","Pseudomonadales","Moraxellaceae","Moraxella",NA
"ASV_20136","Bacteria","Proteobacteria","Gammaproteobacteria","Pseudomonadales","Moraxellaceae","Perlucidibaca","aquatica"
"ASV_673","Bacteria","Proteobacteria","Gammaproteobacteria","Pseudomonadales","Moraxellaceae","Psychrobacter",NA
"ASV_1061","Bacteria","Proteobacteria","Gammaproteobacteria","Pseudomonadales","Moraxellaceae","ASV_1061",NA
"ASV_2250","Bacteria","Proteobacteria","Gammaproteobacteria","Pseudomonadales","Moraxellaceae","ASV_2250",NA
"ASV_261","Bacteria","Proteobacteria","Gammaproteobacteria","Pseudomonadales","Pseudomonadaceae","Pseudomonas","stutzeri"
"ASV_170","Bacteria","Proteobacteria","Gammaproteobacteria","Pseudomonadales","Pseudomonadaceae","Pseudomonas",NA
"ASV_398","Bacteria","Proteobacteria","Gammaproteobacteria","Pseudomonadales","Pseudomonadaceae","Pseudomonas",NA
"ASV_875","Bacteria","Proteobacteria","Gammaproteobacteria","Pseudomonadales","Pseudomonadaceae","Pseudomonas",NA
"ASV_29469","Bacteria","Proteobacteria","Gammaproteobacteria","Pseudomonadales","Pseudomonadaceae","Pseudomonas",NA
"ASV_50055","Bacteria","Proteobacteria","Gammaproteobacteria","Pseudomonadales","Pseudomonadaceae","Pseudomonas",NA
"ASV_58976","Bacteria","Proteobacteria","Gammaproteobacteria","Pseudomonadales","Pseudomonadaceae","Pseudomonas",NA
"ASV_485","Bacteria","Proteobacteria","Gammaproteobacteria","Vibrionales","Vibrionaceae","Vibrio",NA
"ASV_58494","Bacteria","Proteobacteria","Gammaproteobacteria","Xanthomonadales","Rhodanobacteraceae","Chiayiivirga",NA
"ASV_40853","Bacteria","Proteobacteria","Gammaproteobacteria","Xanthomonadales","Xanthomonadaceae","Arenimonas",NA
"ASV_186","Bacteria","Proteobacteria","Gammaproteobacteria","Xanthomonadales","Xanthomonadaceae","Lysobacter","korlensis"
"ASV_222","Bacteria","Proteobacteria","Gammaproteobacteria","Xanthomonadales","Xanthomonadaceae","Lysobacter",NA
"ASV_289","Bacteria","Proteobacteria","Gammaproteobacteria","Xanthomonadales","Xanthomonadaceae","Lysobacter",NA
"ASV_57963","Bacteria","Proteobacteria","Gammaproteobacteria","Xanthomonadales","Xanthomonadaceae","Lysobacter",NA
"ASV_60226","Bacteria","Proteobacteria","Gammaproteobacteria","Xanthomonadales","Xanthomonadaceae","Lysobacter",NA
"ASV_44541","Bacteria","Proteobacteria","Gammaproteobacteria","Xanthomonadales","Xanthomonadaceae","Pseudoxanthomonas",NA
"ASV_3559","Bacteria","Proteobacteria","Gammaproteobacteria","Xanthomonadales","Xanthomonadaceae","Stenotrophomonas","maltophilia"
"ASV_953","Bacteria","Proteobacteria","Gammaproteobacteria","Xanthomonadales","Xanthomonadaceae","Stenotrophomonas",NA
"ASV_1694","Bacteria","Proteobacteria","Gammaproteobacteria","Xanthomonadales","Xanthomonadaceae","Stenotrophomonas",NA
"ASV_683","Bacteria","Proteobacteria","Gammaproteobacteria","Xanthomonadales","Xanthomonadaceae","Thermomonas","brevis"
"ASV_1115","Bacteria","Proteobacteria","Gammaproteobacteria","Xanthomonadales","Xanthomonadaceae","Vulcaniibacterium",NA
"ASV_53391","Bacteria","Proteobacteria","Gammaproteobacteria","Xanthomonadales","Xanthomonadaceae","ASV_53391",NA
"ASV_38331","Bacteria","Proteobacteria","Gammaproteobacteria","Xanthomonadales","ASV_38331","ASV_38331",NA
"ASV_345","Bacteria","Proteobacteria","Gammaproteobacteria","ASV_345","ASV_345","ASV_345",NA
"ASV_852","Bacteria","Proteobacteria","Gammaproteobacteria","ASV_852","ASV_852","ASV_852",NA
"ASV_1203","Bacteria","Proteobacteria","Gammaproteobacteria","ASV_1203","ASV_1203","ASV_1203",NA
"ASV_1235","Bacteria","Proteobacteria","Gammaproteobacteria","ASV_1235","ASV_1235","ASV_1235",NA
"ASV_1522","Bacteria","Proteobacteria","Gammaproteobacteria","ASV_1522","ASV_1522","ASV_1522",NA
"ASV_1710","Bacteria","Proteobacteria","Gammaproteobacteria","ASV_1710","ASV_1710","ASV_1710",NA
"ASV_3657","Bacteria","Proteobacteria","Gammaproteobacteria","ASV_3657","ASV_3657","ASV_3657",NA
"ASV_7306","Bacteria","Proteobacteria","Gammaproteobacteria","ASV_7306","ASV_7306","ASV_7306",NA
"ASV_45146","Bacteria","Proteobacteria","Gammaproteobacteria","ASV_45146","ASV_45146","ASV_45146",NA
"ASV_60667","Bacteria","Proteobacteria","Gammaproteobacteria","ASV_60667","ASV_60667","ASV_60667",NA
"ASV_47499","Bacteria","Proteobacteria","ASV_47499","ASV_47499","ASV_47499","ASV_47499",NA
"ASV_931","Bacteria","Spirochaetota","Spirochaetia","Spirochaetales","Spirochaetaceae","Treponema","medium"
"ASV_634","Bacteria","Spirochaetota","Spirochaetia","Spirochaetales","Spirochaetaceae","Treponema","vincentii"
"ASV_11902","Bacteria","Spirochaetota","Spirochaetia","Spirochaetales","Spirochaetaceae","Treponema","vincentii"
"ASV_906","Bacteria","Spirochaetota","Spirochaetia","Spirochaetales","Spirochaetaceae","Treponema",NA
"ASV_61","Bacteria","Verrucomicrobiota","Chlamydiae","Chlamydiales","Chlamydiaceae","Chlamydia","trachomatis"
"ASV_247","Bacteria","ASV_247","ASV_247","ASV_247","ASV_247","ASV_247",NA
"ASV_504","Bacteria","ASV_504","ASV_504","ASV_504","ASV_504","ASV_504",NA
"ASV_596","Bacteria","ASV_596","ASV_596","ASV_596","ASV_596","ASV_596",NA
"ASV_812","Bacteria","ASV_812","ASV_812","ASV_812","ASV_812","ASV_812",NA
"ASV_1293","Bacteria","ASV_1293","ASV_1293","ASV_1293","ASV_1293","ASV_1293",NA
"ASV_14303","Bacteria","ASV_14303","ASV_14303","ASV_14303","ASV_14303","ASV_14303",NA
"ASV_18436","Bacteria","ASV_18436","ASV_18436","ASV_18436","ASV_18436","ASV_18436",NA
"ASV_19503","Bacteria","ASV_19503","ASV_19503","ASV_19503","ASV_19503","ASV_19503",NA
"ASV_20593","Bacteria","ASV_20593","ASV_20593","ASV_20593","ASV_20593","ASV_20593",NA
"ASV_25776","Bacteria","ASV_25776","ASV_25776","ASV_25776","ASV_25776","ASV_25776",NA
"ASV_45484","Bacteria","ASV_45484","ASV_45484","ASV_45484","ASV_45484","ASV_45484",NA
"ASV_48859","Bacteria","ASV_48859","ASV_48859","ASV_48859","ASV_48859","ASV_48859",NA
"ASV_49053","Bacteria","ASV_49053","ASV_49053","ASV_49053","ASV_49053","ASV_49053",NA
"ASV_51391","Bacteria","ASV_51391","ASV_51391","ASV_51391","ASV_51391","ASV_51391",NA
"ASV_59613","Bacteria","ASV_59613","ASV_59613","ASV_59613","ASV_59613","ASV_59613",NA
